roundNumber,opponentMove,predictedMove,botMove,result,modelUsed,predictionCorrect,decisionLatencyMs,timestamp
1,scissors,scissors,rock,lose,cold-start,True,0.0053,1787898695399
2,paper,rock,paper,tie,cold-start,False,0.3664,1787898695500
3,scissors,rock,paper,win,cold-start,False,0.007,1787898695600
4,scissors,paper,scissors,tie,cold-start,False,0.004,1787898695700
5,paper,scissors,paper,tie,cold-start,False,0.0029,1787898695800
6,paper,scissors,paper,tie,cold-start,False,0.0044,1787898695900
7,scissors,paper,scissors,tie,cold-start,False,0.0022,1787898696000
8,paper,scissors,scissors,lose,cold-start,False,0.0039,1787898696100
9,paper,scissors,rock,win,cold-start,False,0.0032,1787898696200
10,rock,scissors,scissors,win,cold-start,False,0.003,1787898696300
11,paper,rock,paper,tie,order-1,False,0.0025,1787898696400
12,paper,paper,scissors,lose,order-1,True,0.0021,1787898696500
13,paper,paper,scissors,lose,order-1,True,0.0028,1787898696600
14,paper,paper,scissors,lose,order-1,True,0.003,1787898696700
15,rock,paper,scissors,win,order-1,False,0.0035,1787898696800
16,scissors,paper,scissors,tie,order-1,False,0.0041,1787898696900
17,scissors,paper,scissors,tie,order-1,False,0.0028,1787898697000
18,rock,scissors,rock,tie,order-1,False,0.0044,1787898697100
19,paper,scissors,rock,win,order-1,False,0.0031,1787898697200
20,paper,paper,scissors,lose,order-1,True,0.0048,1787898697300
21,scissors,paper,rock,lose,random,False,0.0078,1787898697400
22,rock,scissors,rock,tie,order-1,False,0.0043,1787898697500
23,scissors,paper,scissors,tie,order-1,False,0.004,1787898697600
24,paper,rock,paper,tie,order-1,False,0.0041,1787898697700
25,paper,paper,scissors,lose,order-1,True,0.0044,1787898697800
26,rock,paper,scissors,win,order-1,False,0.0041,1787898697900
27,rock,scissors,rock,tie,order-1,False,0.0043,1787898698000
28,scissors,scissors,rock,lose,order-1,True,0.0031,1787898698100
29,scissors,paper,scissors,tie,order-1,False,0.0058,1787898698200
30,scissors,scissors,rock,lose,order-1,True,0.0079,1787898698300
31,paper,scissors,rock,win,order-1,False,0.0071,1787898698400
32,paper,paper,scissors,lose,order-1,True,0.024,1787898698500
33,rock,paper,scissors,win,order-1,False,0.0086,1787898698600
34,paper,scissors,rock,win,order-1,False,0.0061,1787898698700
35,scissors,paper,scissors,tie,order-2,False,0.0053,1787898698800
36,paper,rock,paper,tie,order-2,False,0.0053,1787898698900
37,rock,paper,scissors,win,order-2,False,0.0046,1787898699000
38,scissors,paper,scissors,tie,order-2,False,0.0046,1787898699100
39,rock,scissors,rock,tie,order-2,False,0.0047,1787898699200
40,rock,scissors,paper,lose,random,False,0.0261,1787898699300
41,rock,scissors,rock,tie,order-2,False,0.007,1787898699400
42,scissors,rock,paper,win,order-2,False,0.0052,1787898699500
43,rock,rock,paper,lose,order-2,True,0.0046,1787898699600
44,scissors,rock,paper,win,order-2,False,0.0041,1787898699701
45,rock,rock,paper,lose,order-2,True,0.0045,1787898699801
46,rock,scissors,rock,tie,order-2,False,0.0046,1787898699901
47,scissors,scissors,rock,lose,order-2,True,0.0045,1787898700001
48,paper,rock,paper,tie,order-2,False,0.0044,1787898700101
49,rock,paper,scissors,win,order-2,False,0.0045,1787898700201
50,rock,scissors,rock,tie,order-1,False,0.0046,1787898700301
51,rock,scissors,scissors,win,random,False,0.0045,1787898700401
52,scissors,rock,paper,win,order-1,False,0.0074,1787898700501
53,rock,rock,paper,lose,order-2,True,0.01,1787898700601
54,rock,rock,paper,lose,order-2,True,0.0106,1787898700701
55,scissors,scissors,rock,lose,order-2,True,0.0076,1787898700801
56,scissors,rock,paper,win,order-2,False,0.0048,1787898700901
57,paper,paper,scissors,lose,order-2,True,0.0044,1787898701001
58,scissors,rock,paper,win,order-2,False,0.0041,1787898701101
59,scissors,paper,rock,lose,random,False,0.0053,1787898701201
60,rock,paper,scissors,win,order-2,False,0.0048,1787898701301
61,scissors,rock,paper,win,order-2,False,0.0068,1787898701401
62,rock,rock,paper,lose,order-2,True,0.0066,1787898701501
63,scissors,scissors,rock,lose,order-2,True,0.0062,1787898701601
64,paper,rock,paper,tie,order-2,False,0.0072,1787898701701
65,scissors,scissors,rock,lose,order-2,True,0.0068,1787898701801
66,rock,scissors,rock,tie,order-2,False,0.0071,1787898701901
67,rock,scissors,rock,tie,order-2,False,0.0043,1787898702001
68,scissors,scissors,rock,lose,order-2,True,0.0041,1787898702101
69,scissors,rock,paper,win,order-2,False,0.0044,1787898702201
70,rock,rock,paper,lose,order-2,True,0.0041,1787898702301
71,scissors,rock,paper,win,order-2,False,0.0041,1787898702401
72,rock,rock,paper,lose,order-2,True,0.0047,1787898702501
73,scissors,scissors,rock,lose,order-1,True,0.0068,1787898702601
74,scissors,rock,paper,win,order-1,False,0.0049,1787898702701
75,scissors,rock,paper,win,order-2,False,0.0049,1787898702801
76,rock,rock,paper,lose,order-1,True,0.0039,1787898702901
77,rock,scissors,rock,tie,order-1,False,0.0041,1787898703001
78,rock,scissors,rock,tie,order-1,False,0.0038,1787898703101
79,scissors,scissors,rock,lose,order-1,True,0.004,1787898703201
80,rock,rock,paper,lose,order-1,True,0.0041,1787898703301
81,rock,scissors,rock,tie,order-1,False,0.004,1787898703401
82,scissors,scissors,rock,lose,order-1,True,0.0043,1787898703501
83,scissors,rock,paper,win,order-1,False,0.0038,1787898703601
84,rock,rock,paper,lose,order-1,True,0.0039,1787898703701
85,paper,scissors,rock,win,order-1,False,0.0039,1787898703801
86,rock,scissors,rock,tie,order-1,False,0.0046,1787898703901
87,scissors,scissors,rock,lose,order-1,True,0.0041,1787898704001
88,rock,rock,paper,lose,order-1,True,0.0042,1787898704101
89,scissors,scissors,rock,lose,order-1,True,0.0043,1787898704201
90,scissors,rock,paper,win,order-1,False,0.0044,1787898704301
91,scissors,rock,paper,win,order-1,False,0.0041,1787898704401
92,rock,scissors,rock,tie,order-1,False,0.004,1787898704501
93,scissors,scissors,rock,lose,order-1,True,0.004,1787898704601
94,paper,rock,paper,tie,order-1,False,0.0041,1787898704701
95,scissors,rock,paper,win,order-1,False,0.0044,1787898704801
96,scissors,rock,paper,win,order-1,False,0.0042,1787898704901
97,paper,scissors,scissors,lose,random,False,0.0044,1787898705001
98,paper,scissors,rock,win,order-1,False,0.0041,1787898705101
99,rock,scissors,rock,tie,order-1,False,0.0044,1787898705202
100,rock,scissors,rock,tie,order-2,False,0.0042,1787898705302
101,scissors,scissors,rock,lose,order-2,True,0.0041,1787898705402
102,paper,scissors,scissors,lose,random,False,0.0046,1787898705502
103,scissors,scissors,rock,lose,order-2,True,0.0039,1787898705602
104,scissors,scissors,rock,lose,order-2,True,0.004,1787898705702
105,rock,rock,paper,lose,order-2,True,0.0041,1787898705802
106,scissors,scissors,rock,lose,order-2,True,0.0045,1787898705902
107,rock,paper,scissors,win,order-2,False,0.0305,1787898706002
108,rock,scissors,rock,tie,order-2,False,0.0039,1787898706102
109,scissors,scissors,rock,lose,order-2,True,0.0039,1787898706202
110,rock,rock,paper,lose,order-2,True,0.0043,1787898706302
111,rock,scissors,rock,tie,order-2,False,0.0038,1787898706402
112,rock,scissors,rock,tie,order-2,False,0.0039,1787898706502
113,rock,scissors,rock,tie,order-2,False,0.0043,1787898706602
114,paper,rock,paper,tie,order-2,False,0.0044,1787898706702
115,paper,rock,paper,tie,order-2,False,0.0046,1787898706802
116,rock,rock,paper,lose,order-2,True,0.0079,1787898706902
117,paper,rock,paper,tie,order-2,False,0.0058,1787898707002
118,rock,paper,scissors,win,order-2,False,0.0049,1787898707102
119,scissors,paper,scissors,tie,order-2,False,0.0051,1787898707202
120,rock,rock,paper,lose,order-2,True,0.0049,1787898707302
121,rock,rock,paper,lose,order-2,True,0.0046,1787898707402
122,rock,rock,paper,lose,order-2,True,0.0048,1787898707502
123,scissors,rock,paper,win,order-2,False,0.0042,1787898707602
124,paper,rock,paper,tie,order-2,False,0.0046,1787898707702
125,paper,scissors,rock,win,order-2,False,0.0044,1787898707802
126,rock,rock,paper,lose,order-2,True,0.0047,1787898707902
127,rock,scissors,rock,tie,order-2,False,0.0046,1787898708002
128,scissors,rock,paper,win,order-1,False,0.0047,1787898708102
129,scissors,rock,paper,win,order-2,False,0.0044,1787898708202
130,paper,rock,paper,tie,order-2,False,0.0043,1787898708302
131,paper,paper,scissors,lose,order-2,True,0.004,1787898708402
132,scissors,rock,paper,win,order-2,False,0.0042,1787898708502
133,rock,scissors,rock,tie,order-2,False,0.0042,1787898708602
134,scissors,rock,paper,win,order-2,False,0.0043,1787898708702
135,rock,rock,paper,lose,order-2,True,0.005,1787898708802
136,scissors,scissors,rock,lose,order-2,True,0.0047,1787898708902
137,rock,rock,paper,lose,order-2,True,0.0047,1787898709002
138,scissors,scissors,rock,lose,order-2,True,0.0042,1787898709102
139,paper,rock,rock,win,random,False,0.007,1787898709202
140,paper,paper,scissors,lose,order-2,True,0.0051,1787898709302
141,scissors,rock,paper,win,order-2,False,0.0044,1787898709402
142,paper,rock,paper,tie,order-2,False,0.004,1787898709502
143,scissors,paper,scissors,tie,order-2,False,0.0038,1787898709602
144,rock,paper,scissors,win,order-2,False,0.0044,1787898709702
145,rock,scissors,rock,tie,order-2,False,0.0041,1787898709802
146,paper,scissors,rock,win,order-2,False,0.004,1787898709902
147,rock,rock,paper,lose,order-2,True,0.0041,1787898710002
148,paper,rock,paper,tie,order-2,False,0.0041,1787898710102
149,scissors,rock,paper,win,order-2,False,0.0043,1787898710202
150,scissors,rock,paper,win,order-2,False,0.0046,1787898710302
151,rock,paper,scissors,win,order-2,False,0.0042,1787898710402
152,paper,scissors,rock,win,order-2,False,0.0043,1787898710502
153,rock,scissors,rock,tie,order-1,False,0.0042,1787898710602
154,scissors,paper,scissors,tie,order-2,False,0.0053,1787898710702
155,scissors,rock,paper,win,order-1,False,0.0039,1787898710802
156,scissors,rock,paper,win,order-2,False,0.0049,1787898710902
157,scissors,scissors,rock,lose,order-2,True,0.0039,1787898711003
158,scissors,scissors,rock,lose,order-2,True,0.0042,1787898711103
159,rock,scissors,rock,tie,order-2,False,0.0051,1787898711203
160,scissors,scissors,rock,lose,order-1,True,0.0051,1787898711303
161,scissors,scissors,rock,lose,order-1,True,0.0044,1787898711403
162,rock,scissors,rock,tie,order-2,False,0.0047,1787898711503
163,paper,scissors,rock,win,order-2,False,0.0044,1787898711603
164,paper,rock,paper,tie,order-2,False,0.0045,1787898711703
165,paper,scissors,rock,win,order-2,False,0.005,1787898711803
166,scissors,paper,scissors,tie,order-2,False,0.0045,1787898711903
167,rock,scissors,rock,tie,order-1,False,0.0041,1787898712003
168,scissors,scissors,rock,lose,order-1,True,0.0058,1787898712103
169,rock,rock,paper,lose,order-1,True,0.0051,1787898712203
170,paper,scissors,rock,win,order-1,False,0.0038,1787898712303
171,scissors,paper,scissors,tie,order-1,False,0.0039,1787898712403
172,rock,rock,paper,lose,order-1,True,0.0039,1787898712503
173,scissors,paper,scissors,tie,order-1,False,0.0041,1787898712603
174,rock,rock,paper,lose,order-1,True,0.0041,1787898712703
175,rock,scissors,rock,tie,order-1,False,0.0048,1787898712803
176,scissors,scissors,rock,lose,order-1,True,0.0044,1787898712903
177,scissors,rock,rock,lose,random,False,0.0128,1787898713003
178,rock,rock,paper,lose,order-1,True,0.0048,1787898713103
179,rock,scissors,rock,tie,order-1,False,0.0047,1787898713203
180,scissors,scissors,rock,lose,order-1,True,0.0043,1787898713303
181,paper,rock,paper,tie,order-1,False,0.0044,1787898713403
182,paper,scissors,rock,win,order-1,False,0.004,1787898713503
183,paper,paper,scissors,lose,order-1,True,0.0039,1787898713603
184,rock,paper,scissors,win,order-1,False,0.0039,1787898713703
185,scissors,scissors,rock,lose,order-1,True,0.0042,1787898713803
186,paper,rock,paper,tie,order-1,False,0.0042,1787898713903
187,paper,paper,scissors,lose,order-1,True,0.0046,1787898714003
188,paper,paper,rock,win,random,True,0.0044,1787898714103
189,paper,paper,scissors,lose,order-1,True,0.0042,1787898714203
190,rock,paper,scissors,win,order-1,False,0.0046,1787898714303
191,rock,scissors,rock,tie,order-2,False,0.0044,1787898714403
192,rock,scissors,rock,tie,order-2,False,0.0042,1787898714503
193,rock,rock,paper,lose,order-2,True,0.0045,1787898714603
194,paper,rock,paper,tie,order-2,False,0.0041,1787898714703
195,paper,paper,scissors,lose,order-1,True,0.0045,1787898714803
196,rock,paper,scissors,win,order-1,False,0.0043,1787898714903
197,rock,rock,rock,tie,random,True,0.005,1787898715003
198,scissors,rock,paper,win,order-1,False,0.0042,1787898715103
199,scissors,paper,scissors,tie,order-2,False,0.0043,1787898715203
200,rock,rock,paper,lose,order-2,True,0.0046,1787898715303
201,scissors,rock,paper,win,random,False,0.0043,1787898715403
202,rock,scissors,rock,tie,order-2,False,0.0051,1787898715503
203,rock,scissors,rock,tie,order-1,False,0.0044,1787898715603
204,paper,rock,paper,tie,order-1,False,0.0047,1787898715703
205,paper,paper,scissors,lose,order-2,True,0.0049,1787898715803
206,paper,paper,scissors,lose,order-1,True,0.0043,1787898715903
207,rock,paper,scissors,win,order-1,False,0.0042,1787898716003
208,paper,rock,paper,tie,order-1,False,0.0045,1787898716103
209,rock,paper,scissors,win,order-1,False,0.0039,1787898716203
210,rock,rock,paper,lose,order-1,True,0.0087,1787898716303
211,rock,rock,paper,lose,order-1,True,0.0423,1787898716403
212,paper,rock,paper,tie,order-1,False,0.0249,1787898716504
213,rock,paper,scissors,win,order-1,False,0.0057,1787898716604
214,paper,rock,paper,tie,order-1,False,0.0044,1787898716704
215,rock,rock,paper,lose,order-1,True,0.0473,1787898716804
216,paper,paper,scissors,lose,order-1,True,0.0059,1787898716904
217,scissors,rock,paper,win,order-1,False,0.0082,1787898717004
218,paper,rock,paper,tie,order-1,False,0.0073,1787898717104
219,paper,rock,paper,tie,order-1,False,0.0198,1787898717204
220,scissors,rock,paper,win,order-1,False,0.005,1787898717304
221,paper,paper,scissors,lose,order-1,True,0.0053,1787898717404
222,rock,rock,paper,lose,order-1,True,0.0077,1787898717504
223,paper,paper,scissors,lose,order-1,True,0.0061,1787898717604
224,paper,rock,paper,tie,order-1,False,0.0033,1787898717704
225,scissors,rock,paper,win,order-1,False,0.0032,1787898717804
226,paper,paper,scissors,lose,order-1,True,0.003,1787898717904
227,scissors,paper,scissors,tie,order-2,False,0.0034,1787898718004
228,scissors,paper,scissors,tie,order-2,False,0.0029,1787898718104
229,rock,rock,rock,tie,random,True,0.0035,1787898718204
230,rock,paper,scissors,win,order-1,False,0.0048,1787898718304
231,rock,paper,scissors,win,order-2,False,0.0051,1787898718404
232,paper,rock,paper,tie,order-2,False,0.005,1787898718504
233,scissors,paper,scissors,tie,order-2,False,0.0046,1787898718604
234,rock,paper,scissors,win,order-2,False,0.0044,1787898718704
235,rock,rock,paper,lose,order-2,True,0.0047,1787898718804
236,paper,paper,scissors,lose,order-2,True,0.0044,1787898718904
237,scissors,scissors,rock,lose,order-2,True,0.0043,1787898719004
238,scissors,paper,scissors,tie,order-2,False,0.0032,1787898719104
239,paper,rock,paper,tie,order-2,False,0.0032,1787898719204
240,paper,scissors,rock,win,order-2,False,0.0029,1787898719304
241,scissors,scissors,rock,lose,order-2,True,0.0029,1787898719404
242,rock,scissors,rock,tie,order-2,False,0.0027,1787898719504
243,scissors,rock,paper,win,order-2,False,0.0029,1787898719604
244,scissors,rock,paper,win,order-2,False,0.0031,1787898719704
245,rock,paper,scissors,win,order-2,False,0.0028,1787898719804
246,paper,rock,paper,tie,order-2,False,0.0031,1787898719904
247,rock,scissors,rock,tie,order-2,False,0.0033,1787898720004
248,scissors,paper,scissors,tie,order-2,False,0.0052,1787898720104
249,paper,scissors,scissors,lose,random,False,0.012,1787898720206
250,scissors,paper,scissors,tie,order-2,False,0.0058,1787898720306
251,rock,rock,paper,lose,order-2,True,0.0057,1787898720406
252,scissors,paper,scissors,tie,order-1,False,0.0048,1787898720506
253,paper,paper,scissors,lose,order-2,True,0.0047,1787898720606
254,scissors,scissors,rock,lose,order-2,True,0.0048,1787898720706
255,rock,rock,paper,lose,order-2,True,0.0049,1787898720806
256,scissors,scissors,rock,lose,order-2,True,0.0048,1787898720906
257,rock,paper,scissors,win,order-2,False,0.005,1787898721006
258,paper,scissors,rock,win,order-2,False,0.0061,1787898721106
259,paper,scissors,rock,win,order-1,False,0.0037,1787898721206
260,rock,scissors,rock,tie,order-2,False,0.0033,1787898721306
261,scissors,scissors,rock,lose,order-2,True,0.0033,1787898721406
262,paper,rock,paper,tie,order-1,False,0.0028,1787898721506
263,paper,scissors,rock,win,order-2,False,0.0029,1787898721606
264,paper,rock,paper,tie,order-2,False,0.0029,1787898721706
265,rock,paper,scissors,win,order-1,False,0.0027,1787898721806
266,rock,scissors,rock,tie,order-2,False,0.0029,1787898721906
267,paper,paper,scissors,lose,order-2,True,0.0044,1787898722006
268,paper,paper,scissors,lose,order-2,True,0.0276,1787898722106
269,scissors,rock,paper,win,order-2,False,0.0046,1787898722206
270,paper,rock,paper,tie,order-2,False,0.0033,1787898722306
271,scissors,paper,scissors,tie,order-2,False,0.0028,1787898722406
272,scissors,paper,scissors,tie,order-2,False,0.0029,1787898722506
273,scissors,rock,paper,win,order-2,False,0.0029,1787898722606
274,rock,scissors,rock,tie,order-2,False,0.0032,1787898722706
275,scissors,scissors,rock,lose,order-2,True,0.003,1787898722806
276,scissors,paper,scissors,tie,order-2,False,0.003,1787898722906
277,scissors,rock,paper,win,order-2,False,0.0036,1787898723006
278,scissors,scissors,rock,lose,order-2,True,0.0031,1787898723106
279,rock,scissors,scissors,win,random,False,0.0034,1787898723206
280,scissors,scissors,rock,lose,order-2,True,0.0032,1787898723306
281,rock,scissors,rock,tie,order-2,False,0.0028,1787898723406
282,rock,scissors,rock,tie,order-2,False,0.0049,1787898723506
283,scissors,paper,scissors,tie,order-2,False,0.0068,1787898723606
284,paper,rock,paper,tie,order-2,False,0.0051,1787898723706
285,rock,scissors,rock,tie,order-2,False,0.0044,1787898723806
286,paper,scissors,paper,tie,random,False,0.0049,1787898723906
287,rock,paper,scissors,win,order-2,False,0.0042,1787898724006
288,scissors,scissors,rock,lose,order-1,True,0.0042,1787898724106
289,rock,scissors,rock,tie,order-1,False,0.0042,1787898724206
290,scissors,scissors,rock,lose,order-1,True,0.0041,1787898724306
291,paper,rock,paper,tie,order-1,False,0.004,1787898724406
292,scissors,rock,paper,win,order-1,False,0.0042,1787898724506
293,rock,rock,paper,lose,order-1,True,0.0043,1787898724606
294,paper,scissors,rock,win,order-1,False,0.004,1787898724706
295,paper,scissors,rock,win,order-1,False,0.0038,1787898724806
296,paper,paper,scissors,lose,order-1,True,0.0039,1787898724906
297,scissors,paper,scissors,tie,order-1,False,0.0041,1787898725006
298,rock,rock,paper,lose,order-1,True,0.004,1787898725106
299,rock,scissors,rock,tie,order-1,False,0.0046,1787898725206
300,paper,scissors,rock,win,order-1,False,0.0042,1787898725307
301,rock,paper,scissors,win,order-1,False,0.0041,1787898725407
302,rock,paper,scissors,win,order-1,False,0.0039,1787898725507
303,scissors,rock,paper,win,order-1,False,0.004,1787898725607
304,scissors,rock,paper,win,order-1,False,0.0105,1787898725707
305,rock,rock,paper,lose,order-1,True,0.0041,1787898725807
306,scissors,scissors,rock,lose,order-1,True,0.0044,1787898725907
307,scissors,rock,paper,win,order-1,False,0.0042,1787898726007
308,paper,rock,paper,tie,order-1,False,0.004,1787898726107
309,rock,rock,paper,lose,order-1,True,0.0041,1787898726207
310,paper,scissors,rock,win,order-1,False,0.0041,1787898726307
311,rock,rock,paper,lose,order-1,True,0.004,1787898726407
312,scissors,scissors,rock,lose,order-1,True,0.0039,1787898726507
313,scissors,rock,paper,win,order-1,False,0.004,1787898726607
314,paper,scissors,rock,win,order-1,False,0.004,1787898726707
315,scissors,rock,paper,win,order-1,False,0.004,1787898726807
316,rock,scissors,rock,tie,order-1,False,0.004,1787898726907
317,rock,scissors,rock,tie,order-2,False,0.0041,1787898727007
318,scissors,scissors,rock,lose,order-2,True,0.0272,1787898727107
319,paper,scissors,rock,win,order-2,False,0.004,1787898727207
320,rock,scissors,rock,tie,order-2,False,0.004,1787898727307
321,scissors,scissors,rock,lose,order-1,True,0.0041,1787898727407
322,rock,paper,scissors,win,order-1,False,0.004,1787898727507
323,rock,scissors,rock,tie,order-1,False,0.0042,1787898727607
324,scissors,scissors,rock,lose,order-2,True,0.0044,1787898727707
325,paper,rock,paper,tie,order-1,False,0.0039,1787898727807
326,rock,rock,paper,lose,order-2,True,0.0044,1787898727907
327,paper,scissors,rock,win,order-2,False,0.0042,1787898728007
328,paper,rock,paper,tie,order-2,False,0.0042,1787898728107
329,paper,rock,paper,tie,order-1,False,0.0043,1787898728207
330,paper,paper,scissors,lose,order-2,True,0.0046,1787898728307
331,paper,paper,scissors,lose,order-2,True,0.0038,1787898728407
332,rock,paper,scissors,win,order-2,False,0.0039,1787898728507
333,rock,paper,scissors,win,order-2,False,0.0041,1787898728607
334,rock,scissors,rock,tie,order-2,False,0.0041,1787898728707
335,scissors,scissors,rock,lose,order-2,True,0.0039,1787898728807
336,paper,paper,scissors,lose,random,True,0.0044,1787898728907
337,paper,rock,paper,tie,order-2,False,0.0041,1787898729007
338,paper,paper,paper,tie,random,True,0.0044,1787898729107
339,paper,paper,scissors,lose,order-2,True,0.0039,1787898729207
340,rock,paper,scissors,win,order-2,False,0.0078,1787898729307
341,paper,rock,paper,tie,order-2,False,0.0057,1787898729407
342,paper,paper,scissors,lose,order-2,True,0.0045,1787898729507
343,scissors,paper,scissors,tie,order-2,False,0.0049,1787898729607
344,paper,rock,paper,tie,order-2,False,0.0041,1787898729707
345,paper,paper,scissors,lose,random,True,0.0052,1787898729807
346,paper,paper,scissors,lose,order-1,True,0.0049,1787898729907
347,paper,paper,rock,win,random,True,0.005,1787898730007
348,rock,paper,scissors,win,order-1,False,0.0047,1787898730107
349,scissors,paper,scissors,tie,order-2,False,0.005,1787898730207
350,scissors,paper,scissors,tie,order-1,False,0.0049,1787898730307
351,scissors,paper,scissors,tie,order-1,False,0.003,1787898730407
352,scissors,scissors,rock,lose,order-1,True,0.0029,1787898730507
353,paper,scissors,rock,win,order-1,False,0.0028,1787898730607
354,rock,paper,scissors,win,order-1,False,0.0031,1787898730707
355,paper,scissors,rock,win,order-1,False,0.003,1787898730807
356,paper,paper,scissors,lose,order-1,True,0.0034,1787898730907
357,rock,paper,scissors,win,order-1,False,0.0053,1787898731007
358,paper,paper,scissors,lose,order-1,True,0.0048,1787898731107
359,rock,paper,scissors,win,order-1,False,0.0053,1787898731207
360,scissors,paper,scissors,tie,order-1,False,0.0043,1787898731307
361,paper,scissors,rock,win,order-1,False,0.0049,1787898731407
362,paper,paper,scissors,lose,order-1,True,0.0046,1787898731507
363,paper,paper,scissors,lose,order-1,True,0.0046,1787898731607
364,rock,paper,scissors,win,order-1,False,0.0044,1787898731708
365,paper,paper,scissors,lose,order-1,True,0.0051,1787898731808
366,scissors,paper,scissors,tie,order-1,False,0.0043,1787898731908
367,scissors,paper,scissors,tie,order-1,False,0.0044,1787898732008
368,scissors,scissors,rock,lose,order-1,True,0.0054,1787898732108
369,paper,scissors,rock,win,random,False,0.0046,1787898732208
370,paper,paper,scissors,lose,order-2,True,0.0047,1787898732308
371,paper,paper,scissors,lose,order-1,True,0.0045,1787898732408
372,rock,paper,scissors,win,order-2,False,0.0055,1787898732508
373,paper,paper,paper,tie,random,True,0.0053,1787898732608
374,rock,paper,scissors,win,order-1,False,0.005,1787898732708
375,rock,paper,scissors,win,order-2,False,0.0029,1787898732808
376,scissors,scissors,rock,lose,order-2,True,0.003,1787898732908
377,scissors,paper,scissors,tie,order-2,False,0.0051,1787898733008
378,scissors,scissors,rock,lose,order-1,True,0.0048,1787898733108
379,paper,scissors,rock,win,order-1,False,0.0028,1787898733208
380,rock,paper,scissors,win,order-2,False,0.0033,1787898733308
381,paper,paper,scissors,lose,order-2,True,0.0031,1787898733408
382,paper,rock,paper,tie,order-2,False,0.0053,1787898733508
383,rock,paper,scissors,win,order-1,False,0.0047,1787898733608
384,rock,paper,scissors,win,order-2,False,0.0047,1787898733708
385,rock,scissors,rock,tie,order-2,False,0.0044,1787898733808
386,rock,rock,paper,lose,order-2,True,0.0042,1787898733908
387,rock,rock,paper,lose,order-2,True,0.0049,1787898734008
388,paper,rock,paper,tie,order-2,False,0.0045,1787898734108
389,paper,paper,paper,tie,random,True,0.0051,1787898734208
390,rock,rock,paper,lose,order-2,True,0.0047,1787898734308
391,scissors,paper,scissors,tie,order-2,False,0.0047,1787898734408
392,rock,scissors,paper,lose,random,False,0.0045,1787898734508
393,rock,rock,paper,lose,order-1,True,0.0033,1787898734608
394,scissors,rock,paper,win,order-2,False,0.0045,1787898734708
395,paper,rock,paper,tie,order-2,False,0.0048,1787898734808
396,scissors,rock,paper,win,order-2,False,0.0049,1787898734908
397,rock,scissors,rock,tie,order-2,False,0.0048,1787898735008
398,rock,rock,paper,lose,order-2,True,0.0046,1787898735108
399,scissors,rock,paper,win,order-2,False,0.0046,1787898735208
400,paper,paper,scissors,lose,order-2,True,0.0051,1787898735308
401,scissors,scissors,rock,lose,order-2,True,0.0044,1787898735408
402,rock,rock,paper,lose,order-2,True,0.005,1787898735508
403,paper,rock,paper,tie,order-2,False,0.0047,1787898735608
404,scissors,paper,scissors,tie,order-2,False,0.005,1787898735708
405,scissors,rock,paper,win,order-2,False,0.0046,1787898735808
406,rock,scissors,rock,tie,order-2,False,0.0045,1787898735908
407,paper,rock,paper,tie,order-2,False,0.0045,1787898736008
408,scissors,scissors,rock,lose,order-2,True,0.0044,1787898736108
409,scissors,rock,paper,win,order-2,False,0.0039,1787898736208
410,scissors,rock,paper,win,order-2,False,0.0032,1787898736308
411,rock,scissors,rock,tie,order-2,False,0.0038,1787898736408
412,rock,paper,scissors,win,order-2,False,0.0028,1787898736508
413,rock,scissors,rock,tie,order-2,False,0.003,1787898736608
414,rock,rock,paper,lose,order-2,True,0.0031,1787898736708
415,scissors,rock,rock,lose,random,False,0.0033,1787898736808
416,rock,paper,scissors,win,order-2,False,0.0028,1787898736908
417,scissors,rock,paper,win,order-2,False,0.0029,1787898737008
418,scissors,rock,paper,win,order-2,False,0.0027,1787898737108
419,scissors,rock,paper,win,order-2,False,0.0032,1787898737208
420,rock,scissors,rock,tie,order-1,False,0.003,1787898737308
421,scissors,rock,paper,win,order-1,False,0.003,1787898737408
422,rock,scissors,rock,tie,order-1,False,0.0032,1787898737508
423,rock,scissors,rock,tie,order-1,False,0.0028,1787898737608
424,rock,rock,paper,lose,order-1,True,0.003,1787898737708
425,paper,rock,paper,tie,order-1,False,0.0027,1787898737808
426,scissors,scissors,rock,lose,order-1,True,0.005,1787898737908
427,rock,rock,paper,lose,order-1,True,0.0047,1787898738008
428,paper,rock,paper,tie,order-1,False,0.0054,1787898738108
429,scissors,scissors,rock,lose,order-1,True,0.003,1787898738208
430,scissors,rock,paper,win,order-1,False,0.0029,1787898738308
431,rock,rock,paper,lose,order-1,True,0.0028,1787898738408
432,paper,rock,paper,tie,order-1,False,0.003,1787898738509
433,rock,scissors,rock,tie,order-1,False,0.0028,1787898738609
434,rock,paper,scissors,win,order-1,False,0.0028,1787898738709
435,scissors,rock,paper,win,order-1,False,0.0028,1787898738809
436,paper,rock,scissors,lose,random,False,0.0047,1787898738909
437,paper,scissors,rock,win,order-2,False,0.0056,1787898739009
438,rock,rock,paper,lose,order-2,True,0.0034,1787898739109
439,scissors,rock,paper,win,order-2,False,0.0028,1787898739209
440,rock,paper,scissors,win,order-2,False,0.0055,1787898739309
441,scissors,paper,scissors,tie,order-2,False,0.0079,1787898739409
442,paper,rock,paper,tie,order-1,False,0.0039,1787898739509
443,scissors,paper,scissors,tie,order-2,False,0.0031,1787898739609
444,rock,scissors,rock,tie,random,False,0.003,1787898739709
445,rock,scissors,rock,tie,order-1,False,0.0034,1787898739809
446,scissors,scissors,rock,lose,order-1,True,0.003,1787898739909
447,scissors,rock,paper,win,order-1,False,0.0029,1787898740009
448,scissors,rock,paper,win,order-2,False,0.0029,1787898740109
449,scissors,scissors,rock,lose,order-2,True,0.003,1787898740209
450,scissors,scissors,rock,lose,order-2,True,0.0033,1787898740309
451,scissors,scissors,rock,lose,order-2,True,0.0026,1787898740409
452,scissors,scissors,rock,lose,order-2,True,0.0027,1787898740509
453,paper,scissors,rock,win,order-1,False,0.0028,1787898740609
454,paper,scissors,rock,win,order-1,False,0.0071,1787898740709
455,paper,paper,scissors,lose,order-1,True,0.0052,1787898740809
456,rock,paper,scissors,win,order-1,False,0.0046,1787898740909
457,scissors,scissors,rock,lose,order-1,True,0.0057,1787898741009
458,paper,scissors,rock,win,order-1,False,0.0058,1787898741109
459,paper,paper,scissors,lose,order-1,True,0.0059,1787898741209
460,scissors,paper,scissors,tie,order-1,False,0.0043,1787898741309
461,rock,scissors,rock,tie,order-1,False,0.0049,1787898741409
462,scissors,scissors,rock,lose,order-1,True,0.0043,1787898741509
463,rock,paper,scissors,win,order-2,False,0.0071,1787898741609
464,paper,scissors,rock,win,order-1,False,0.0053,1787898741709
465,paper,scissors,rock,win,order-2,False,0.0051,1787898741809
466,scissors,paper,scissors,tie,order-1,False,0.0157,1787898741909
467,rock,rock,paper,lose,order-2,True,0.0057,1787898742009
468,scissors,scissors,rock,lose,order-1,True,0.0089,1787898742109
469,scissors,rock,paper,win,order-1,False,0.0059,1787898742209
470,scissors,scissors,rock,lose,order-1,True,0.0052,1787898742309
471,rock,scissors,rock,tie,order-1,False,0.0081,1787898742409
472,paper,scissors,rock,win,order-1,False,0.0055,1787898742509
473,rock,paper,scissors,win,order-1,False,0.0054,1787898742609
474,paper,scissors,rock,win,order-1,False,0.0052,1787898742709
475,paper,paper,scissors,lose,order-1,True,0.0049,1787898742809
476,scissors,paper,scissors,tie,order-1,False,0.0045,1787898742909
477,scissors,rock,paper,win,order-2,False,0.0047,1787898743009
478,rock,scissors,rock,tie,order-1,False,0.0047,1787898743109
479,paper,paper,scissors,lose,order-1,True,0.0044,1787898743209
480,scissors,paper,scissors,tie,order-1,False,0.0047,1787898743309
481,paper,rock,paper,tie,order-1,False,0.0047,1787898743409
482,paper,scissors,rock,win,order-1,False,0.0046,1787898743510
483,rock,paper,scissors,win,order-1,False,0.0108,1787898743610
484,rock,paper,scissors,win,order-1,False,0.0042,1787898743710
485,rock,paper,scissors,win,order-1,False,0.0034,1787898743810
486,scissors,rock,scissors,tie,random,False,0.0033,1787898743910
487,rock,scissors,rock,tie,order-2,False,0.0057,1787898744010
488,rock,rock,paper,lose,order-1,True,0.0052,1787898744110
489,rock,rock,paper,lose,order-1,True,0.0047,1787898744210
490,rock,rock,paper,lose,order-1,True,0.003,1787898744310
491,rock,rock,paper,lose,order-1,True,0.0048,1787898744410
492,paper,rock,paper,tie,order-1,False,0.0047,1787898744510
493,rock,paper,scissors,win,order-1,False,0.0377,1787898744610
494,scissors,rock,paper,win,order-1,False,0.0045,1787898744710
495,rock,rock,rock,tie,random,True,0.0037,1787898744810
496,scissors,rock,paper,win,order-1,False,0.0041,1787898744910
497,rock,rock,paper,lose,order-1,True,0.0027,1787898745010
498,rock,rock,paper,lose,order-1,True,0.0029,1787898745110
499,scissors,rock,paper,win,order-1,False,0.0069,1787898745210
500,rock,rock,paper,lose,order-1,True,0.0045,1787898745310
501,paper,rock,paper,tie,order-1,False,0.004,1787898745410
502,scissors,rock,paper,win,order-1,False,0.0027,1787898745510
503,rock,rock,paper,lose,random,True,0.0037,1787898745610
504,rock,rock,paper,lose,order-1,True,0.0039,1787898745710
505,scissors,rock,paper,win,order-1,False,0.0032,1787898745810
506,paper,rock,paper,tie,order-1,False,0.0072,1787898745910
507,scissors,scissors,rock,lose,order-1,True,0.0138,1787898746010
508,scissors,rock,paper,win,order-1,False,0.008,1787898746110
509,scissors,rock,paper,win,order-1,False,0.0057,1787898746210
510,paper,rock,paper,tie,order-1,False,0.0058,1787898746310
511,paper,scissors,rock,win,order-1,False,0.0049,1787898746410
512,scissors,scissors,rock,lose,order-1,True,0.0029,1787898746510
513,rock,rock,paper,lose,order-1,True,0.0029,1787898746610
514,scissors,rock,paper,win,order-1,False,0.0047,1787898746710
515,scissors,rock,paper,win,order-1,False,0.0051,1787898746810
516,scissors,rock,paper,win,order-1,False,0.0041,1787898746910
517,rock,scissors,rock,tie,order-1,False,0.0029,1787898747010
518,paper,scissors,rock,win,order-1,False,0.0029,1787898747110
519,rock,scissors,rock,tie,order-1,False,0.0034,1787898747210
520,rock,scissors,rock,tie,order-1,False,0.0029,1787898747310
521,paper,rock,paper,tie,random,False,0.003,1787898747410
522,rock,scissors,rock,tie,order-1,False,0.0047,1787898747511
523,rock,paper,scissors,win,order-1,False,0.0032,1787898747611
524,scissors,paper,scissors,tie,order-2,False,0.003,1787898747711
525,scissors,rock,paper,win,order-1,False,0.003,1787898747811
526,paper,scissors,rock,win,order-1,False,0.0027,1787898747911
527,scissors,paper,scissors,tie,order-2,False,0.0029,1787898748011
528,paper,rock,paper,tie,order-2,False,0.0028,1787898748111
529,rock,scissors,rock,tie,order-2,False,0.0028,1787898748211
530,scissors,rock,paper,win,order-2,False,0.0031,1787898748311
531,rock,scissors,rock,tie,order-2,False,0.0033,1787898748411
532,scissors,paper,scissors,tie,order-2,False,0.0027,1787898748511
533,scissors,rock,paper,win,order-2,False,0.0029,1787898748611
534,paper,paper,scissors,lose,order-2,True,0.0045,1787898748711
535,paper,scissors,scissors,lose,random,False,0.0058,1787898748811
536,rock,scissors,rock,tie,order-2,False,0.0031,1787898748911
537,rock,rock,paper,lose,order-2,True,0.003,1787898749011
538,paper,scissors,rock,win,order-2,False,0.003,1787898749111
539,rock,rock,paper,lose,order-2,True,0.0048,1787898749211
540,scissors,rock,paper,win,order-2,False,0.0033,1787898749311
541,rock,scissors,rock,tie,order-2,False,0.0027,1787898749411
542,paper,scissors,rock,win,random,False,0.0041,1787898749511
543,rock,rock,paper,lose,order-2,True,0.0029,1787898749611
544,scissors,scissors,rock,lose,order-2,True,0.0027,1787898749711
545,rock,rock,paper,lose,order-2,True,0.0031,1787898749811
546,scissors,paper,scissors,tie,order-2,False,0.0028,1787898749911
547,scissors,rock,paper,win,order-1,False,0.0027,1787898750011
548,paper,rock,scissors,lose,random,False,0.003,1787898750111
549,scissors,rock,paper,win,order-1,False,0.0029,1787898750211
550,rock,paper,scissors,win,order-2,False,0.0028,1787898750311
551,rock,scissors,rock,tie,order-1,False,0.003,1787898750411
552,rock,scissors,rock,tie,order-1,False,0.0027,1787898750511
553,rock,rock,paper,lose,order-2,True,0.0045,1787898750611
554,paper,rock,paper,tie,order-2,False,0.0046,1787898750711
555,paper,rock,paper,tie,order-1,False,0.0035,1787898750811
556,rock,rock,paper,lose,order-1,True,0.0027,1787898750911
557,paper,scissors,rock,win,order-2,False,0.0031,1787898751011
558,paper,rock,paper,tie,order-1,False,0.0029,1787898751111
559,paper,rock,paper,tie,order-1,False,0.003,1787898751211
560,paper,paper,scissors,lose,order-1,True,0.003,1787898751311
561,rock,paper,scissors,win,order-1,False,0.0027,1787898751411
562,scissors,rock,paper,win,order-1,False,0.0027,1787898751511
563,scissors,rock,paper,win,order-2,False,0.0028,1787898751611
564,paper,paper,scissors,lose,order-2,True,0.0028,1787898751711
565,rock,scissors,rock,tie,order-2,False,0.0027,1787898751811
566,rock,scissors,rock,tie,order-2,False,0.0028,1787898751911
567,paper,rock,paper,tie,random,False,0.0029,1787898752011
568,scissors,paper,scissors,tie,order-2,False,0.0028,1787898752111
569,paper,rock,paper,tie,order-2,False,0.0047,1787898752211
570,rock,rock,paper,lose,order-2,True,0.0041,1787898752311
571,scissors,scissors,rock,lose,order-2,True,0.0028,1787898752411
572,paper,scissors,rock,win,order-2,False,0.0027,1787898752511
573,scissors,rock,paper,win,order-2,False,0.0027,1787898752611
574,paper,paper,scissors,lose,order-2,True,0.0026,1787898752711
575,rock,rock,paper,lose,order-2,True,0.0027,1787898752811
576,scissors,scissors,rock,lose,order-2,True,0.0031,1787898752911
577,paper,paper,scissors,lose,order-1,True,0.0028,1787898753011
578,rock,rock,paper,lose,order-2,True,0.0029,1787898753111
579,scissors,scissors,rock,lose,order-2,True,0.003,1787898753211
580,rock,paper,scissors,win,order-1,False,0.0034,1787898753311
581,paper,scissors,rock,win,order-2,False,0.0027,1787898753411
582,paper,scissors,paper,tie,random,False,0.0056,1787898753511
583,rock,rock,paper,lose,order-2,True,0.0028,1787898753611
584,scissors,scissors,rock,lose,order-2,True,0.0027,1787898753711
585,rock,paper,scissors,win,order-1,False,0.0027,1787898753811
586,paper,paper,scissors,lose,order-2,True,0.0061,1787898753911
587,rock,paper,scissors,win,order-2,False,0.0047,1787898754011
588,paper,scissors,rock,win,order-2,False,0.0035,1787898754111
589,paper,rock,paper,tie,order-1,False,0.0031,1787898754211
590,rock,rock,scissors,win,random,True,0.0032,1787898754311
591,scissors,scissors,rock,lose,order-2,True,0.0032,1787898754411
592,rock,rock,paper,lose,order-2,True,0.003,1787898754511
593,paper,paper,rock,win,random,True,0.0031,1787898754611
594,scissors,paper,scissors,tie,order-2,False,0.0029,1787898754711
595,rock,paper,scissors,win,order-2,False,0.0027,1787898754811
596,scissors,paper,scissors,tie,order-2,False,0.0027,1787898754911
597,paper,rock,paper,tie,order-2,False,0.003,1787898755011
598,scissors,rock,paper,win,order-2,False,0.0028,1787898755111
599,scissors,rock,paper,win,order-2,False,0.0029,1787898755211
600,rock,paper,scissors,win,order-2,False,0.003,1787898755311
601,paper,paper,scissors,lose,order-2,True,0.0029,1787898755411
602,scissors,paper,scissors,tie,order-2,False,0.0027,1787898755511
603,rock,scissors,rock,tie,order-2,False,0.0029,1787898755611
604,scissors,paper,scissors,tie,order-2,False,0.005,1787898755712
605,scissors,rock,paper,win,order-2,False,0.0031,1787898755812
606,scissors,rock,paper,win,order-2,False,0.0028,1787898755912
607,rock,scissors,rock,tie,order-2,False,0.0027,1787898756012
608,scissors,paper,scissors,tie,order-2,False,0.0029,1787898756112
609,scissors,rock,paper,win,random,False,0.003,1787898756212
610,paper,rock,paper,tie,order-2,False,0.0046,1787898756312
611,rock,scissors,rock,tie,order-2,False,0.0038,1787898756412
612,scissors,scissors,rock,lose,order-2,True,0.0031,1787898756512
613,rock,rock,paper,lose,order-1,True,0.0029,1787898756612
614,rock,scissors,rock,tie,order-1,False,0.0028,1787898756712
615,paper,scissors,rock,win,order-1,False,0.0044,1787898756812
616,scissors,rock,paper,win,order-1,False,0.0047,1787898756912
617,scissors,rock,paper,win,order-2,False,0.0029,1787898757012
618,scissors,scissors,rock,lose,order-1,True,0.0027,1787898757112
619,scissors,scissors,rock,lose,order-1,True,0.0032,1787898757212
620,rock,scissors,rock,tie,order-1,False,0.0028,1787898757312
621,scissors,scissors,rock,lose,order-1,True,0.0027,1787898757412
622,rock,scissors,rock,tie,order-1,False,0.0061,1787898757512
623,scissors,scissors,paper,win,random,True,0.0045,1787898757612
624,scissors,rock,paper,win,order-2,False,0.0053,1787898757712
625,scissors,scissors,rock,lose,order-1,True,0.0049,1787898757812
626,scissors,scissors,rock,lose,order-2,True,0.0051,1787898757912
627,paper,scissors,rock,win,order-2,False,0.0043,1787898758012
628,paper,rock,paper,tie,order-2,False,0.0045,1787898758112
629,scissors,rock,paper,win,order-2,False,0.0046,1787898758212
630,rock,scissors,rock,tie,order-2,False,0.0049,1787898758312
631,scissors,scissors,rock,lose,order-2,True,0.0046,1787898758412
632,paper,scissors,rock,win,order-2,False,0.0029,1787898758512
633,rock,paper,scissors,win,order-2,False,0.0029,1787898758612
634,scissors,scissors,rock,lose,order-2,True,0.0031,1787898758712
635,scissors,paper,scissors,tie,order-2,False,0.0036,1787898758812
636,paper,scissors,rock,win,order-2,False,0.0033,1787898758912
637,rock,rock,paper,lose,order-2,True,0.0036,1787898759012
638,scissors,scissors,rock,lose,order-2,True,0.0028,1787898759112
639,rock,scissors,rock,tie,order-2,False,0.0048,1787898759212
640,scissors,scissors,rock,lose,order-1,True,0.0029,1787898759312
641,scissors,rock,paper,win,order-2,False,0.0028,1787898759412
642,scissors,scissors,rock,lose,order-1,True,0.0031,1787898759512
643,rock,scissors,rock,tie,order-1,False,0.0049,1787898759612
644,scissors,scissors,rock,lose,order-1,True,0.0048,1787898759712
645,paper,scissors,rock,win,order-1,False,0.0283,1787898759812
646,scissors,rock,paper,win,order-1,False,0.0046,1787898759912
647,rock,scissors,rock,tie,order-1,False,0.004,1787898760012
648,rock,scissors,rock,tie,order-2,False,0.0071,1787898760112
649,scissors,scissors,rock,lose,order-1,True,0.005,1787898760212
650,paper,rock,paper,tie,order-1,False,0.0033,1787898760312
651,paper,scissors,rock,win,order-1,False,0.0028,1787898760412
652,paper,paper,scissors,lose,order-1,True,0.003,1787898760512
653,paper,paper,scissors,lose,order-1,True,0.0027,1787898760612
654,scissors,paper,scissors,tie,order-1,False,0.003,1787898760712
655,paper,rock,paper,tie,order-1,False,0.0029,1787898760812
656,scissors,paper,scissors,tie,order-1,False,0.0029,1787898760912
657,paper,paper,scissors,lose,order-1,True,0.0114,1787898761012
658,rock,scissors,rock,tie,order-1,False,0.004,1787898761112
659,rock,scissors,rock,tie,order-1,False,0.0033,1787898761212
660,paper,scissors,rock,win,order-1,False,0.0029,1787898761312
661,paper,scissors,rock,win,order-1,False,0.0053,1787898761412
662,paper,paper,scissors,lose,order-2,True,0.0034,1787898761512
663,scissors,paper,scissors,tie,order-2,False,0.0034,1787898761612
664,paper,paper,scissors,lose,order-2,True,0.0032,1787898761712
665,rock,paper,scissors,win,order-1,False,0.0034,1787898761812
666,scissors,rock,paper,win,order-2,False,0.0047,1787898761912
667,rock,paper,scissors,win,order-1,False,0.0053,1787898762012
668,rock,scissors,rock,tie,order-1,False,0.0053,1787898762112
669,scissors,scissors,rock,lose,order-1,True,0.006,1787898762212
670,paper,paper,scissors,lose,order-1,True,0.0032,1787898762312
671,paper,paper,scissors,lose,order-1,True,0.0139,1787898762413
672,scissors,paper,scissors,tie,order-1,False,0.0059,1787898762513
673,rock,paper,scissors,win,random,False,0.0052,1787898762613
674,scissors,scissors,rock,lose,order-1,True,0.0042,1787898762713
675,paper,paper,scissors,lose,order-1,True,0.0043,1787898762813
676,scissors,paper,scissors,tie,order-1,False,0.0045,1787898762913
677,scissors,paper,scissors,tie,order-1,False,0.0044,1787898763013
678,paper,paper,scissors,lose,random,True,0.005,1787898763113
679,rock,scissors,rock,tie,order-1,False,0.0043,1787898763213
680,paper,scissors,rock,win,order-1,False,0.0043,1787898763313
681,rock,scissors,rock,tie,order-1,False,0.0043,1787898763413
682,paper,scissors,rock,win,order-1,False,0.0345,1787898763513
683,scissors,rock,scissors,tie,random,False,0.007,1787898763613
684,paper,paper,scissors,lose,order-1,True,0.0042,1787898763713
685,rock,scissors,rock,tie,order-1,False,0.0043,1787898763813
686,rock,paper,scissors,win,order-1,False,0.0041,1787898763913
687,paper,paper,scissors,lose,order-1,True,0.004,1787898764013
688,scissors,rock,paper,win,order-1,False,0.0044,1787898764113
689,paper,paper,scissors,lose,order-1,True,0.0043,1787898764213
690,scissors,scissors,rock,lose,order-1,True,0.0042,1787898764313
691,rock,paper,scissors,win,order-1,False,0.0043,1787898764413
692,scissors,paper,scissors,tie,order-1,False,0.0042,1787898764513
693,rock,paper,scissors,win,order-2,False,0.0047,1787898764613
694,rock,scissors,rock,tie,order-2,False,0.0043,1787898764713
695,scissors,paper,scissors,tie,order-2,False,0.0043,1787898764813
696,scissors,rock,paper,win,order-2,False,0.0052,1787898764913
697,scissors,paper,scissors,tie,order-2,False,0.0049,1787898765013
698,paper,scissors,rock,win,order-2,False,0.0042,1787898765113
699,scissors,rock,paper,win,order-2,False,0.0043,1787898765213
700,paper,paper,scissors,lose,order-2,True,0.0042,1787898765313
701,scissors,scissors,rock,lose,order-1,True,0.0043,1787898765413
702,paper,paper,scissors,lose,order-2,True,0.0042,1787898765513
703,scissors,scissors,rock,lose,order-2,True,0.0044,1787898765613
704,rock,paper,scissors,win,order-2,False,0.0042,1787898765713
705,rock,scissors,rock,tie,order-2,False,0.0044,1787898765813
706,scissors,scissors,rock,lose,order-2,True,0.0043,1787898765913
707,paper,paper,scissors,lose,order-1,True,0.0041,1787898766013
708,rock,scissors,rock,tie,order-2,False,0.0042,1787898766113
709,scissors,scissors,rock,lose,order-1,True,0.0041,1787898766213
710,scissors,paper,rock,lose,random,False,0.0046,1787898766313
711,rock,paper,scissors,win,order-2,False,0.0037,1787898766413
712,paper,rock,paper,tie,order-2,False,0.0047,1787898766513
713,scissors,scissors,rock,lose,order-1,True,0.0051,1787898766613
714,paper,paper,scissors,lose,order-1,True,0.0044,1787898766713
715,rock,scissors,rock,tie,order-1,False,0.0041,1787898766813
716,scissors,scissors,rock,lose,order-1,True,0.0042,1787898766913
717,rock,paper,scissors,win,order-1,False,0.0039,1787898767013
718,paper,scissors,rock,win,order-1,False,0.0038,1787898767113
719,paper,scissors,rock,win,order-1,False,0.0041,1787898767213
720,rock,scissors,rock,tie,order-2,False,0.0045,1787898767313
721,paper,scissors,rock,win,order-2,False,0.0043,1787898767413
722,paper,paper,scissors,lose,order-2,True,0.005,1787898767513
723,paper,rock,paper,tie,order-2,False,0.0042,1787898767613
724,paper,paper,scissors,lose,order-2,True,0.0045,1787898767713
725,rock,paper,scissors,win,order-2,False,0.0047,1787898767813
726,scissors,paper,scissors,tie,order-1,False,0.0048,1787898767913
727,paper,rock,paper,tie,order-2,False,0.0046,1787898768013
728,rock,rock,paper,lose,order-2,True,0.0113,1787898768113
729,paper,scissors,rock,win,order-2,False,0.0057,1787898768213
730,scissors,paper,scissors,tie,order-2,False,0.0037,1787898768314
731,rock,paper,scissors,win,order-2,False,0.003,1787898768414
732,paper,paper,scissors,lose,order-2,True,0.0029,1787898768514
733,scissors,scissors,rock,lose,order-2,True,0.003,1787898768614
734,paper,rock,paper,tie,order-2,False,0.0028,1787898768714
735,scissors,rock,paper,win,order-2,False,0.003,1787898768814
736,paper,paper,scissors,lose,order-2,True,0.0047,1787898768914
737,paper,scissors,rock,win,order-2,False,0.003,1787898769014
738,rock,paper,scissors,win,order-2,False,0.0028,1787898769114
739,paper,paper,scissors,lose,order-2,True,0.0026,1787898769214
740,rock,scissors,scissors,win,random,False,0.003,1787898769314
741,scissors,paper,scissors,tie,order-2,False,0.0051,1787898769414
742,paper,paper,scissors,lose,order-2,True,0.0036,1787898769514
743,rock,scissors,paper,lose,random,False,0.0034,1787898769614
744,rock,paper,scissors,win,order-1,False,0.0075,1787898769714
745,paper,scissors,rock,win,order-2,False,0.0031,1787898769814
746,rock,rock,paper,lose,order-1,True,0.0028,1787898769914
747,scissors,paper,scissors,tie,order-1,False,0.003,1787898770014
748,scissors,paper,scissors,tie,order-2,False,0.0028,1787898770114
749,paper,paper,scissors,lose,order-1,True,0.003,1787898770214
750,rock,rock,paper,lose,order-1,True,0.0028,1787898770314
751,rock,paper,scissors,win,order-1,False,0.0029,1787898770414
752,rock,paper,scissors,win,order-1,False,0.003,1787898770514
753,rock,rock,paper,lose,order-1,True,0.003,1787898770614
754,paper,rock,paper,tie,order-1,False,0.0029,1787898770714
755,paper,rock,paper,tie,order-1,False,0.003,1787898770814
756,rock,rock,paper,lose,order-1,True,0.0028,1787898770914
757,rock,rock,paper,lose,order-1,True,0.0081,1787898771014
758,paper,rock,paper,tie,order-1,False,0.0059,1787898771114
759,rock,rock,paper,lose,order-1,True,0.0055,1787898771214
760,rock,rock,paper,lose,order-1,True,0.009,1787898771314
761,paper,rock,paper,tie,order-1,False,0.0057,1787898771414
762,paper,rock,paper,tie,order-1,False,0.0218,1787898771514
763,rock,rock,paper,lose,order-1,True,0.0062,1787898771614
764,paper,rock,paper,tie,order-1,False,0.0059,1787898771714
765,scissors,rock,paper,win,order-1,False,0.0076,1787898771814
766,paper,paper,scissors,lose,order-1,True,0.0073,1787898771914
767,rock,rock,paper,lose,order-2,True,0.0054,1787898772014
768,rock,paper,scissors,win,order-1,False,0.0029,1787898772114
769,scissors,paper,scissors,tie,order-2,False,0.003,1787898772214
770,paper,paper,scissors,lose,order-1,True,0.0032,1787898772314
771,scissors,rock,paper,win,order-2,False,0.0065,1787898772414
772,paper,paper,scissors,lose,order-2,True,0.0051,1787898772514
773,rock,rock,paper,lose,order-2,True,0.0068,1787898772614
774,scissors,rock,paper,win,order-2,False,0.034,1787898772714
775,paper,paper,scissors,lose,order-1,True,0.0036,1787898772814
776,rock,rock,scissors,win,random,True,0.0035,1787898772915
777,rock,rock,paper,lose,random,True,0.0036,1787898773015
778,rock,paper,scissors,win,order-2,False,0.0057,1787898773115
779,scissors,rock,paper,win,order-1,False,0.005,1787898773215
780,paper,paper,scissors,lose,order-1,True,0.0049,1787898773315
781,scissors,rock,paper,win,order-2,False,0.0047,1787898773415
782,paper,paper,scissors,lose,order-1,True,0.0049,1787898773515
783,paper,rock,paper,tie,order-2,False,0.0029,1787898773615
784,paper,rock,paper,tie,order-2,False,0.003,1787898773715
785,rock,paper,scissors,win,order-2,False,0.0029,1787898773815
786,scissors,rock,paper,win,order-1,False,0.0028,1787898773915
787,paper,paper,scissors,lose,order-1,True,0.0028,1787898774015
788,rock,rock,paper,lose,order-1,True,0.0028,1787898774115
789,paper,scissors,rock,win,order-1,False,0.003,1787898774215
790,rock,rock,paper,lose,order-1,True,0.0027,1787898774315
791,paper,scissors,rock,win,random,False,0.003,1787898774415
792,paper,rock,paper,tie,order-1,False,0.0028,1787898774515
793,rock,rock,paper,lose,order-1,True,0.0028,1787898774615
794,rock,paper,scissors,win,order-1,False,0.003,1787898774715
795,paper,rock,paper,tie,order-1,False,0.0053,1787898774815
796,paper,rock,paper,tie,order-1,False,0.0044,1787898774915
797,paper,rock,paper,tie,order-1,False,0.0048,1787898775015
798,scissors,paper,scissors,tie,order-1,False,0.0049,1787898775115
799,rock,paper,scissors,win,order-1,False,0.0047,1787898775215
800,scissors,paper,scissors,tie,order-1,False,0.0035,1787898775315
801,paper,paper,scissors,lose,order-2,True,0.0032,1787898775415
802,rock,rock,paper,lose,order-2,True,0.0029,1787898775515
803,paper,rock,paper,tie,order-2,False,0.0028,1787898775615
804,rock,paper,scissors,win,order-2,False,0.0036,1787898775715
805,rock,paper,scissors,win,order-1,False,0.0029,1787898775815
806,paper,paper,scissors,lose,order-2,True,0.0027,1787898775915
807,scissors,rock,paper,win,order-1,False,0.0029,1787898776015
808,rock,paper,scissors,win,order-1,False,0.0033,1787898776115
809,rock,scissors,rock,tie,order-2,False,0.0032,1787898776215
810,scissors,paper,scissors,tie,order-2,False,0.0028,1787898776315
811,rock,paper,scissors,win,order-2,False,0.0027,1787898776415
812,rock,rock,paper,lose,order-2,True,0.0029,1787898776515
813,scissors,paper,scissors,tie,order-2,False,0.0026,1787898776615
814,paper,paper,scissors,lose,order-2,True,0.0029,1787898776715
815,rock,rock,paper,lose,order-2,True,0.0027,1787898776815
816,scissors,rock,paper,win,order-2,False,0.0027,1787898776915
817,rock,paper,scissors,win,order-2,False,0.0027,1787898777015
818,scissors,rock,paper,win,order-2,False,0.0027,1787898777115
819,scissors,rock,paper,win,order-2,False,0.0027,1787898777215
820,paper,rock,paper,tie,order-1,False,0.0023,1787898777315
821,scissors,rock,paper,win,order-2,False,0.0029,1787898777415
822,rock,rock,paper,lose,order-2,True,0.0051,1787898777515
823,scissors,scissors,rock,lose,order-2,True,0.005,1787898777615
824,paper,rock,paper,tie,order-2,False,0.004,1787898777715
825,scissors,rock,paper,win,order-2,False,0.0045,1787898777815
826,rock,rock,paper,lose,order-2,True,0.0044,1787898777915
827,scissors,scissors,rock,lose,order-2,True,0.0061,1787898778015
828,scissors,paper,scissors,tie,order-2,False,0.0054,1787898778115
829,paper,paper,scissors,lose,order-2,True,0.0049,1787898778215
830,scissors,scissors,rock,lose,order-2,True,0.0051,1787898778315
831,rock,rock,paper,lose,order-2,True,0.0028,1787898778415
832,rock,scissors,scissors,win,random,False,0.003,1787898778515
833,scissors,scissors,rock,lose,order-2,True,0.0054,1787898778615
834,rock,paper,scissors,win,order-2,False,0.0048,1787898778715
835,paper,scissors,rock,win,order-2,False,0.0035,1787898778815
836,scissors,rock,paper,win,order-2,False,0.0034,1787898778915
837,rock,rock,paper,lose,order-2,True,0.0033,1787898779015
838,scissors,scissors,rock,lose,order-2,True,0.0029,1787898779115
839,paper,rock,paper,tie,order-2,False,0.0035,1787898779215
840,rock,scissors,rock,tie,order-2,False,0.0027,1787898779315
841,rock,scissors,rock,tie,order-2,False,0.0028,1787898779415
842,rock,scissors,rock,tie,order-2,False,0.0029,1787898779515
843,rock,rock,paper,lose,order-2,True,0.0027,1787898779615
844,paper,rock,paper,tie,order-2,False,0.0027,1787898779715
845,rock,scissors,rock,tie,random,False,0.003,1787898779815
846,scissors,rock,paper,win,order-2,False,0.0044,1787898779915
847,scissors,rock,scissors,tie,random,False,0.0051,1787898780015
848,rock,paper,scissors,win,order-2,False,0.0051,1787898780115
849,scissors,scissors,rock,lose,order-2,True,0.0041,1787898780215
850,rock,rock,paper,lose,order-1,True,0.004,1787898780315
851,paper,scissors,rock,win,order-1,False,0.0031,1787898780415
852,scissors,rock,scissors,tie,random,False,0.0029,1787898780515
853,scissors,rock,paper,win,order-1,False,0.0031,1787898780615
854,rock,rock,paper,lose,order-1,True,0.0035,1787898780716
855,scissors,scissors,rock,lose,order-1,True,0.005,1787898780816
856,paper,rock,paper,tie,order-1,False,0.0031,1787898780916
857,scissors,scissors,rock,lose,order-1,True,0.0054,1787898781016
858,scissors,rock,paper,win,order-1,False,0.0046,1787898781116
859,scissors,rock,paper,win,order-1,False,0.0041,1787898781216
860,scissors,scissors,rock,lose,order-1,True,0.0046,1787898781316
861,scissors,scissors,rock,lose,order-1,True,0.005,1787898781416
862,scissors,scissors,rock,lose,order-1,True,0.0092,1787898781516
863,scissors,scissors,rock,lose,order-1,True,0.0063,1787898781616
864,rock,scissors,paper,lose,random,False,0.0036,1787898781716
865,rock,scissors,rock,tie,order-1,False,0.0053,1787898781816
866,scissors,rock,paper,win,order-1,False,0.0074,1787898781916
867,scissors,scissors,rock,lose,order-1,True,0.0055,1787898782016
868,rock,scissors,rock,tie,order-1,False,0.0052,1787898782116
869,scissors,scissors,rock,lose,order-1,True,0.0058,1787898782216
870,paper,scissors,rock,win,order-1,False,0.0049,1787898782316
871,scissors,scissors,rock,lose,random,True,0.0039,1787898782416
872,paper,scissors,rock,win,order-1,False,0.0034,1787898782516
873,paper,scissors,rock,win,random,False,0.0033,1787898782616
874,paper,scissors,rock,win,order-1,False,0.0021,1787898782716
875,paper,paper,scissors,lose,order-1,True,0.0029,1787898782816
876,paper,paper,scissors,lose,order-1,True,0.0029,1787898782916
877,scissors,paper,scissors,tie,order-1,False,0.0028,1787898783016
878,rock,scissors,rock,tie,random,False,0.0033,1787898783116
879,paper,scissors,rock,win,order-1,False,0.003,1787898783216
880,paper,paper,scissors,lose,order-1,True,0.0028,1787898783316
881,scissors,paper,scissors,tie,order-1,False,0.0027,1787898783416
882,rock,scissors,paper,lose,random,False,0.0032,1787898783516
883,scissors,scissors,rock,lose,order-1,True,0.003,1787898783616
884,rock,rock,paper,lose,order-1,True,0.0031,1787898783716
885,scissors,scissors,rock,lose,order-1,True,0.0029,1787898783816
886,scissors,rock,scissors,tie,random,False,0.0029,1787898783916
887,rock,rock,paper,lose,order-1,True,0.0029,1787898784016
888,paper,scissors,rock,win,order-1,False,0.003,1787898784116
889,paper,paper,scissors,lose,order-1,True,0.0037,1787898784216
890,rock,paper,scissors,win,order-1,False,0.005,1787898784316
891,scissors,scissors,rock,lose,order-1,True,0.0282,1787898784416
892,rock,rock,paper,lose,order-1,True,0.0034,1787898784516
893,scissors,scissors,rock,lose,order-1,True,0.0033,1787898784616
894,rock,rock,paper,lose,order-1,True,0.0028,1787898784716
895,rock,scissors,rock,tie,order-1,False,0.0029,1787898784816
896,rock,scissors,rock,tie,order-1,False,0.0029,1787898784916
897,scissors,scissors,rock,lose,order-1,True,0.0027,1787898785016
898,paper,rock,paper,tie,order-1,False,0.0029,1787898785116
899,paper,paper,scissors,lose,order-1,True,0.003,1787898785216
900,rock,paper,scissors,win,order-1,False,0.0032,1787898785316
901,rock,scissors,paper,lose,random,False,0.0033,1787898785416
902,paper,scissors,rock,win,order-1,False,0.0027,1787898785516
903,scissors,paper,scissors,tie,order-1,False,0.0027,1787898785616
904,paper,rock,paper,tie,order-1,False,0.0032,1787898785716
905,paper,paper,scissors,lose,order-1,True,0.0029,1787898785816
906,paper,paper,scissors,lose,order-1,True,0.0035,1787898785916
907,scissors,paper,scissors,tie,order-1,False,0.0029,1787898786016
908,scissors,rock,paper,win,order-1,False,0.0075,1787898786116
909,paper,rock,paper,tie,order-1,False,0.0039,1787898786216
910,rock,paper,scissors,win,random,False,0.0034,1787898786316
911,rock,scissors,rock,tie,order-1,False,0.0035,1787898786416
912,rock,rock,paper,lose,order-1,True,0.0034,1787898786516
913,scissors,rock,paper,win,order-1,False,0.0032,1787898786616
914,rock,paper,scissors,win,order-1,False,0.0054,1787898786716
915,paper,rock,paper,tie,order-1,False,0.0461,1787898786817
916,paper,paper,scissors,lose,order-1,True,0.0061,1787898786917
917,paper,paper,scissors,lose,order-1,True,0.0046,1787898787017
918,rock,paper,paper,lose,random,False,0.0049,1787898787117
919,rock,rock,paper,lose,order-1,True,0.0043,1787898787217
920,scissors,rock,paper,win,order-1,False,0.0042,1787898787317
921,scissors,rock,paper,win,order-2,False,0.0045,1787898787417
922,paper,paper,scissors,lose,order-2,True,0.0045,1787898787517
923,rock,paper,scissors,win,order-1,False,0.0043,1787898787617
924,rock,rock,paper,lose,order-2,True,0.0041,1787898787717
925,scissors,scissors,rock,lose,order-2,True,0.0043,1787898787817
926,scissors,scissors,rock,lose,order-2,True,0.0046,1787898787917
927,paper,paper,scissors,lose,order-2,True,0.0043,1787898788017
928,paper,rock,paper,tie,random,False,0.0185,1787898788117
929,rock,paper,scissors,win,random,False,0.0073,1787898788217
930,scissors,rock,rock,lose,random,False,0.0064,1787898788317
931,paper,scissors,rock,win,order-2,False,0.0077,1787898788417
932,scissors,paper,scissors,tie,order-2,False,0.0059,1787898788517
933,rock,scissors,rock,tie,order-2,False,0.0068,1787898788617
934,paper,paper,scissors,lose,order-2,True,0.0053,1787898788717
935,scissors,paper,scissors,tie,order-2,False,0.0049,1787898788817
936,scissors,rock,paper,win,order-2,False,0.0045,1787898788917
937,rock,paper,scissors,win,order-2,False,0.0043,1787898789017
938,rock,paper,scissors,win,order-2,False,0.0042,1787898789117
939,scissors,scissors,rock,lose,order-2,True,0.004,1787898789217
940,paper,scissors,rock,win,order-2,False,0.0038,1787898789317
941,scissors,paper,scissors,tie,order-2,False,0.0043,1787898789417
942,paper,scissors,scissors,lose,random,False,0.0043,1787898789517
943,paper,scissors,rock,win,order-2,False,0.0045,1787898789617
944,scissors,rock,paper,win,order-2,False,0.0044,1787898789717
945,rock,paper,scissors,win,order-1,False,0.0043,1787898789817
946,scissors,paper,scissors,tie,order-2,False,0.0049,1787898789917
947,paper,paper,scissors,lose,random,True,0.0045,1787898790017
948,rock,scissors,rock,tie,order-1,False,0.0044,1787898790117
949,rock,scissors,rock,tie,order-1,False,0.0041,1787898790217
950,paper,scissors,rock,win,order-1,False,0.0045,1787898790317
951,paper,scissors,rock,win,order-1,False,0.0042,1787898790417
952,scissors,scissors,rock,lose,order-2,True,0.0043,1787898790517
953,paper,paper,scissors,lose,order-1,True,0.0046,1787898790617
954,paper,scissors,rock,win,order-1,False,0.0041,1787898790717
955,rock,paper,scissors,win,order-1,False,0.0056,1787898790817
956,paper,scissors,rock,win,order-1,False,0.0041,1787898790917
957,scissors,paper,paper,win,random,False,0.0045,1787898791017
958,scissors,paper,scissors,tie,order-1,False,0.004,1787898791117
959,paper,paper,scissors,lose,order-1,True,0.004,1787898791217
960,scissors,scissors,rock,lose,order-1,True,0.0043,1787898791317
961,paper,paper,scissors,lose,order-1,True,0.004,1787898791417
962,paper,scissors,rock,win,order-1,False,0.0042,1787898791517
963,scissors,scissors,rock,lose,order-1,True,0.0044,1787898791617
964,scissors,paper,scissors,tie,order-1,False,0.0039,1787898791717
965,scissors,paper,scissors,tie,order-1,False,0.0045,1787898791817
966,paper,paper,scissors,lose,order-1,True,0.0044,1787898791917
967,rock,scissors,rock,tie,order-1,False,0.0043,1787898792017
968,rock,paper,scissors,win,random,False,0.0046,1787898792117
969,scissors,rock,paper,win,order-1,False,0.0047,1787898792217
970,paper,paper,scissors,lose,order-1,True,0.0042,1787898792317
971,scissors,scissors,rock,lose,order-1,True,0.0041,1787898792418
972,paper,paper,scissors,lose,order-1,True,0.0042,1787898792518
973,scissors,scissors,rock,lose,order-1,True,0.0044,1787898792618
974,scissors,paper,rock,lose,random,False,0.0048,1787898792718
975,scissors,paper,scissors,tie,order-1,False,0.0042,1787898792818
976,paper,paper,scissors,lose,order-1,True,0.0042,1787898792918
977,paper,scissors,rock,win,order-1,False,0.0042,1787898793018
978,paper,scissors,rock,win,order-1,False,0.0043,1787898793118
979,scissors,paper,scissors,tie,order-1,False,0.0043,1787898793218
980,scissors,paper,scissors,tie,order-1,False,0.0042,1787898793318
981,paper,scissors,rock,win,order-1,False,0.0045,1787898793418
982,rock,scissors,rock,tie,order-1,False,0.0044,1787898793518
983,paper,scissors,rock,win,order-1,False,0.0043,1787898793618
984,rock,scissors,rock,tie,order-1,False,0.0042,1787898793718
985,rock,paper,scissors,win,order-1,False,0.0042,1787898793818
986,paper,rock,paper,tie,order-1,False,0.0041,1787898793918
987,scissors,rock,paper,win,order-2,False,0.0043,1787898794018
988,scissors,paper,scissors,tie,order-1,False,0.0042,1787898794118
989,rock,paper,scissors,win,order-2,False,0.0044,1787898794218
990,rock,paper,scissors,win,order-1,False,0.0044,1787898794318
991,scissors,paper,scissors,tie,order-2,False,0.0043,1787898794418
992,paper,paper,paper,tie,random,True,0.0045,1787898794518
993,paper,rock,rock,win,random,False,0.0043,1787898794618
994,rock,scissors,rock,tie,order-2,False,0.004,1787898794718
995,rock,rock,paper,lose,order-2,True,0.0044,1787898794818
996,scissors,scissors,rock,lose,order-2,True,0.0041,1787898794918
997,rock,paper,scissors,win,order-2,False,0.004,1787898795018
998,scissors,rock,paper,win,order-2,False,0.0041,1787898795118
999,paper,paper,paper,tie,random,True,0.0042,1787898795218
1000,paper,paper,scissors,lose,order-2,True,0.0041,1787898795318
