Round,OpponentMove,PredictedMove,BotMove,Result,ModelUsed,PredictionCorrect,DecisionLatencyMs,Timestamp
1,scissors,paper,paper,win,cold-start,false,0.010,2026-08-27T14:17:29.055Z
2,scissors,rock,rock,lose,cold-start,false,0.010,2026-08-27T14:17:29.055Z
3,rock,scissors,rock,tie,cold-start,false,0.010,2026-08-27T14:17:29.055Z
4,paper,rock,paper,tie,cold-start,false,0.010,2026-08-27T14:17:29.055Z
5,scissors,rock,scissors,tie,cold-start,false,0.010,2026-08-27T14:17:29.055Z
6,rock,rock,paper,lose,cold-start,true,0.010,2026-08-27T14:17:29.055Z
7,paper,paper,paper,tie,cold-start,true,0.010,2026-08-27T14:17:29.055Z
8,scissors,scissors,paper,win,cold-start,true,0.010,2026-08-27T14:17:29.055Z
9,scissors,rock,scissors,tie,cold-start,false,0.010,2026-08-27T14:17:29.055Z
10,rock,rock,scissors,win,cold-start,true,0.010,2026-08-27T14:17:29.055Z
11,rock,paper,scissors,win,order-2,false,0.010,2026-08-27T14:17:29.055Z
12,rock,paper,scissors,win,order-1,false,0.010,2026-08-27T14:17:29.055Z
13,rock,rock,paper,lose,random,true,0.010,2026-08-27T14:17:29.055Z
14,paper,rock,paper,tie,order-2,false,0.010,2026-08-27T14:17:29.055Z
15,scissors,scissors,rock,lose,order-2,true,0.010,2026-08-27T14:17:29.056Z
16,rock,scissors,rock,tie,order-2,false,0.010,2026-08-27T14:17:29.056Z
17,paper,paper,scissors,lose,order-2,true,0.010,2026-08-27T14:17:29.056Z
18,scissors,scissors,rock,lose,order-2,true,0.010,2026-08-27T14:17:29.056Z
19,rock,rock,paper,lose,order-2,true,0.010,2026-08-27T14:17:29.056Z
20,paper,paper,scissors,lose,order-2,true,0.010,2026-08-27T14:17:29.056Z
21,scissors,scissors,paper,win,random,true,0.010,2026-08-27T14:17:29.056Z
22,scissors,rock,paper,win,order-2,false,0.010,2026-08-27T14:17:29.056Z
23,scissors,rock,paper,win,random,false,0.010,2026-08-27T14:17:29.056Z
24,scissors,scissors,rock,lose,order-2,true,0.010,2026-08-27T14:17:29.056Z
25,rock,scissors,rock,tie,order-2,false,0.010,2026-08-27T14:17:29.056Z
26,paper,paper,scissors,lose,order-2,true,0.010,2026-08-27T14:17:29.056Z
27,scissors,scissors,rock,lose,order-2,true,0.010,2026-08-27T14:17:29.056Z
28,rock,rock,paper,lose,order-2,true,0.010,2026-08-27T14:17:29.056Z
29,paper,paper,scissors,lose,order-2,true,0.010,2026-08-27T14:17:29.056Z
30,scissors,scissors,rock,lose,order-2,true,0.010,2026-08-27T14:17:29.056Z
31,rock,rock,paper,lose,random,true,0.010,2026-08-27T14:17:29.056Z
32,paper,paper,scissors,lose,order-2,true,0.010,2026-08-27T14:17:29.056Z
33,scissors,scissors,rock,lose,order-2,true,0.010,2026-08-27T14:17:29.056Z
34,rock,rock,paper,lose,order-2,true,0.010,2026-08-27T14:17:29.056Z
35,paper,paper,scissors,lose,order-2,true,0.010,2026-08-27T14:17:29.056Z
36,scissors,scissors,rock,lose,order-2,true,0.010,2026-08-27T14:17:29.056Z
37,rock,rock,paper,lose,order-2,true,0.010,2026-08-27T14:17:29.056Z
38,paper,paper,scissors,lose,order-2,true,0.010,2026-08-27T14:17:29.056Z
39,scissors,scissors,rock,lose,order-2,true,0.010,2026-08-27T14:17:29.056Z
40,rock,rock,paper,lose,order-2,true,0.010,2026-08-27T14:17:29.056Z
41,paper,paper,scissors,lose,order-2,true,0.010,2026-08-27T14:17:29.056Z
42,scissors,scissors,rock,lose,order-2,true,0.010,2026-08-27T14:17:29.056Z
43,rock,rock,paper,lose,order-2,true,0.010,2026-08-27T14:17:29.056Z
44,paper,paper,scissors,lose,order-2,true,0.010,2026-08-27T14:17:29.056Z
45,scissors,scissors,rock,lose,order-2,true,0.010,2026-08-27T14:17:29.056Z
46,rock,rock,paper,lose,order-2,true,0.010,2026-08-27T14:17:29.056Z
47,paper,paper,scissors,lose,order-2,true,0.010,2026-08-27T14:17:29.056Z
48,scissors,scissors,rock,lose,order-2,true,0.010,2026-08-27T14:17:29.056Z
49,rock,rock,paper,lose,order-2,true,0.010,2026-08-27T14:17:29.056Z
50,paper,paper,paper,tie,random,true,0.010,2026-08-27T14:17:29.056Z
51,scissors,scissors,rock,lose,order-2,true,0.010,2026-08-27T14:17:29.056Z
52,rock,rock,paper,lose,order-2,true,0.010,2026-08-27T14:17:29.056Z
53,paper,paper,scissors,lose,order-2,true,0.010,2026-08-27T14:17:29.056Z
54,scissors,scissors,rock,lose,order-2,true,0.010,2026-08-27T14:17:29.056Z
55,rock,rock,paper,lose,order-2,true,0.010,2026-08-27T14:17:29.056Z
56,paper,paper,scissors,lose,order-2,true,0.010,2026-08-27T14:17:29.056Z
57,scissors,scissors,rock,lose,order-2,true,0.010,2026-08-27T14:17:29.056Z
58,rock,rock,paper,lose,order-2,true,0.010,2026-08-27T14:17:29.056Z
59,paper,paper,rock,win,random,true,0.010,2026-08-27T14:17:29.056Z
60,paper,scissors,rock,win,order-2,false,0.010,2026-08-27T14:17:29.056Z
61,paper,scissors,scissors,lose,random,false,0.010,2026-08-27T14:17:29.056Z
62,scissors,paper,scissors,tie,order-2,false,0.010,2026-08-27T14:17:29.056Z
63,rock,rock,paper,lose,order-2,true,0.010,2026-08-27T14:17:29.056Z
64,paper,paper,scissors,lose,order-2,true,0.010,2026-08-27T14:17:29.056Z
65,scissors,scissors,rock,lose,order-2,true,0.010,2026-08-27T14:17:29.056Z
66,rock,rock,paper,lose,order-2,true,0.010,2026-08-27T14:17:29.056Z
67,paper,paper,scissors,lose,order-2,true,0.010,2026-08-27T14:17:29.056Z
68,scissors,scissors,rock,lose,order-2,true,0.010,2026-08-27T14:17:29.056Z
69,rock,rock,paper,lose,order-2,true,0.010,2026-08-27T14:17:29.056Z
70,paper,paper,scissors,lose,order-2,true,0.010,2026-08-27T14:17:29.056Z
71,scissors,scissors,rock,lose,order-2,true,0.010,2026-08-27T14:17:29.056Z
72,rock,rock,paper,lose,order-2,true,0.010,2026-08-27T14:17:29.056Z
73,paper,paper,scissors,lose,order-2,true,0.010,2026-08-27T14:17:29.056Z
74,scissors,scissors,rock,lose,order-2,true,0.010,2026-08-27T14:17:29.056Z
75,rock,rock,paper,lose,random,true,0.010,2026-08-27T14:17:29.056Z
76,paper,paper,scissors,lose,order-2,true,0.010,2026-08-27T14:17:29.056Z
77,scissors,scissors,paper,win,random,true,0.010,2026-08-27T14:17:29.056Z
78,scissors,rock,paper,win,order-2,false,0.010,2026-08-27T14:17:29.056Z
79,scissors,rock,paper,win,order-1,false,0.010,2026-08-27T14:17:29.056Z
80,scissors,scissors,rock,lose,order-2,true,0.010,2026-08-27T14:17:29.056Z
81,rock,scissors,paper,lose,random,false,0.010,2026-08-27T14:17:29.056Z
82,paper,paper,scissors,lose,order-2,true,0.010,2026-08-27T14:17:29.056Z
83,scissors,scissors,rock,lose,order-2,true,0.010,2026-08-27T14:17:29.056Z
84,rock,rock,paper,lose,order-2,true,0.010,2026-08-27T14:17:29.056Z
85,paper,paper,paper,tie,random,true,0.010,2026-08-27T14:17:29.056Z
86,scissors,scissors,rock,lose,order-2,true,0.010,2026-08-27T14:17:29.056Z
87,rock,rock,paper,lose,order-2,true,0.010,2026-08-27T14:17:29.056Z
88,paper,paper,scissors,lose,order-2,true,0.010,2026-08-27T14:17:29.056Z
89,scissors,scissors,rock,lose,order-2,true,0.010,2026-08-27T14:17:29.056Z
90,rock,rock,paper,lose,order-2,true,0.010,2026-08-27T14:17:29.056Z
91,paper,paper,scissors,lose,order-2,true,0.010,2026-08-27T14:17:29.056Z
92,scissors,scissors,rock,lose,order-2,true,0.010,2026-08-27T14:17:29.056Z
93,rock,rock,paper,lose,order-2,true,0.010,2026-08-27T14:17:29.056Z
94,paper,paper,scissors,lose,order-2,true,0.010,2026-08-27T14:17:29.056Z
95,scissors,scissors,rock,lose,order-2,true,0.010,2026-08-27T14:17:29.056Z
96,rock,rock,paper,lose,order-2,true,0.010,2026-08-27T14:17:29.056Z
97,paper,paper,scissors,lose,order-2,true,0.010,2026-08-27T14:17:29.056Z
98,scissors,scissors,rock,lose,order-2,true,0.010,2026-08-27T14:17:29.056Z
99,rock,rock,paper,lose,order-2,true,0.010,2026-08-27T14:17:29.056Z
100,paper,paper,scissors,lose,order-2,true,0.010,2026-08-27T14:17:29.056Z
101,scissors,scissors,rock,lose,order-2,true,0.010,2026-08-27T14:17:29.056Z
102,rock,rock,paper,lose,order-2,true,0.010,2026-08-27T14:17:29.056Z
103,paper,paper,scissors,lose,order-2,true,0.010,2026-08-27T14:17:29.056Z
104,scissors,scissors,rock,lose,order-2,true,0.010,2026-08-27T14:17:29.056Z
105,rock,rock,paper,lose,order-2,true,0.010,2026-08-27T14:17:29.056Z
106,paper,paper,scissors,lose,order-2,true,0.010,2026-08-27T14:17:29.056Z
107,scissors,scissors,rock,lose,order-2,true,0.010,2026-08-27T14:17:29.056Z
108,rock,rock,paper,lose,order-2,true,0.010,2026-08-27T14:17:29.056Z
109,paper,paper,scissors,lose,order-2,true,0.010,2026-08-27T14:17:29.056Z
110,scissors,scissors,rock,lose,order-2,true,0.010,2026-08-27T14:17:29.056Z
111,rock,rock,paper,lose,order-2,true,0.010,2026-08-27T14:17:29.056Z
112,paper,paper,scissors,lose,order-2,true,0.010,2026-08-27T14:17:29.056Z
113,scissors,scissors,rock,lose,order-2,true,0.010,2026-08-27T14:17:29.056Z
114,rock,rock,paper,lose,order-2,true,0.010,2026-08-27T14:17:29.056Z
115,paper,paper,scissors,lose,order-2,true,0.010,2026-08-27T14:17:29.056Z
116,scissors,scissors,rock,lose,order-2,true,0.010,2026-08-27T14:17:29.056Z
117,rock,rock,paper,lose,order-2,true,0.010,2026-08-27T14:17:29.056Z
118,paper,paper,scissors,lose,order-2,true,0.010,2026-08-27T14:17:29.056Z
119,scissors,scissors,rock,lose,order-2,true,0.010,2026-08-27T14:17:29.056Z
120,rock,rock,paper,lose,order-2,true,0.010,2026-08-27T14:17:29.056Z
121,paper,paper,scissors,lose,order-2,true,0.010,2026-08-27T14:17:29.056Z
122,scissors,scissors,rock,lose,order-2,true,0.010,2026-08-27T14:17:29.056Z
123,rock,rock,paper,lose,order-2,true,0.010,2026-08-27T14:17:29.056Z
124,paper,paper,scissors,lose,order-2,true,0.010,2026-08-27T14:17:29.056Z
125,scissors,scissors,rock,lose,order-2,true,0.010,2026-08-27T14:17:29.056Z
126,rock,rock,paper,lose,order-2,true,0.010,2026-08-27T14:17:29.056Z
127,paper,paper,scissors,lose,order-2,true,0.010,2026-08-27T14:17:29.056Z
128,scissors,scissors,rock,lose,order-2,true,0.010,2026-08-27T14:17:29.056Z
129,rock,rock,paper,lose,order-2,true,0.010,2026-08-27T14:17:29.056Z
130,paper,paper,scissors,lose,order-2,true,0.010,2026-08-27T14:17:29.056Z
131,scissors,scissors,rock,lose,order-2,true,0.010,2026-08-27T14:17:29.056Z
132,rock,rock,paper,lose,order-2,true,0.010,2026-08-27T14:17:29.056Z
133,paper,paper,scissors,lose,order-2,true,0.010,2026-08-27T14:17:29.056Z
134,scissors,scissors,rock,lose,order-2,true,0.010,2026-08-27T14:17:29.056Z
135,rock,rock,paper,lose,order-2,true,0.010,2026-08-27T14:17:29.056Z
136,paper,paper,scissors,lose,order-2,true,0.010,2026-08-27T14:17:29.056Z
137,scissors,scissors,rock,lose,order-2,true,0.010,2026-08-27T14:17:29.056Z
138,rock,rock,paper,lose,order-2,true,0.010,2026-08-27T14:17:29.056Z
139,paper,paper,scissors,lose,order-2,true,0.010,2026-08-27T14:17:29.056Z
140,scissors,scissors,rock,lose,order-2,true,0.010,2026-08-27T14:17:29.056Z
141,rock,rock,paper,lose,order-2,true,0.010,2026-08-27T14:17:29.056Z
142,paper,paper,scissors,lose,order-2,true,0.010,2026-08-27T14:17:29.056Z
143,scissors,scissors,rock,lose,order-2,true,0.010,2026-08-27T14:17:29.056Z
144,rock,rock,paper,lose,order-2,true,0.010,2026-08-27T14:17:29.056Z
145,paper,paper,scissors,lose,order-2,true,0.010,2026-08-27T14:17:29.056Z
146,scissors,scissors,scissors,tie,random,true,0.010,2026-08-27T14:17:29.056Z
147,rock,rock,paper,lose,order-2,true,0.010,2026-08-27T14:17:29.056Z
148,paper,paper,paper,tie,random,true,0.010,2026-08-27T14:17:29.056Z
149,scissors,scissors,rock,lose,order-2,true,0.010,2026-08-27T14:17:29.056Z
150,rock,rock,paper,lose,order-2,true,0.010,2026-08-27T14:17:29.056Z
151,paper,paper,scissors,lose,order-2,true,0.010,2026-08-27T14:17:29.056Z
152,scissors,scissors,rock,lose,order-2,true,0.010,2026-08-27T14:17:29.056Z
153,rock,rock,paper,lose,order-2,true,0.010,2026-08-27T14:17:29.056Z
154,paper,paper,scissors,lose,order-2,true,0.010,2026-08-27T14:17:29.056Z
155,scissors,scissors,rock,lose,order-2,true,0.010,2026-08-27T14:17:29.056Z
156,rock,rock,paper,lose,order-2,true,0.010,2026-08-27T14:17:29.056Z
157,paper,paper,scissors,lose,order-2,true,0.010,2026-08-27T14:17:29.056Z
158,scissors,scissors,rock,lose,order-2,true,0.010,2026-08-27T14:17:29.056Z
159,rock,rock,paper,lose,order-2,true,0.010,2026-08-27T14:17:29.056Z
160,paper,paper,scissors,lose,order-2,true,0.010,2026-08-27T14:17:29.056Z
161,scissors,scissors,scissors,tie,random,true,0.010,2026-08-27T14:17:29.056Z
162,rock,rock,paper,lose,random,true,0.010,2026-08-27T14:17:29.056Z
163,paper,paper,scissors,lose,order-2,true,0.010,2026-08-27T14:17:29.056Z
164,scissors,scissors,rock,lose,order-2,true,0.010,2026-08-27T14:17:29.056Z
165,rock,rock,paper,lose,order-2,true,0.010,2026-08-27T14:17:29.056Z
166,paper,paper,scissors,lose,order-2,true,0.010,2026-08-27T14:17:29.056Z
167,scissors,scissors,paper,win,random,true,0.010,2026-08-27T14:17:29.056Z
168,scissors,rock,paper,win,order-2,false,0.010,2026-08-27T14:17:29.056Z
169,scissors,rock,paper,win,order-1,false,0.010,2026-08-27T14:17:29.056Z
170,scissors,scissors,rock,lose,order-2,true,0.010,2026-08-27T14:17:29.056Z
171,rock,scissors,rock,tie,order-2,false,0.010,2026-08-27T14:17:29.056Z
172,paper,paper,scissors,lose,order-2,true,0.010,2026-08-27T14:17:29.056Z
173,scissors,scissors,rock,lose,order-2,true,0.010,2026-08-27T14:17:29.056Z
174,rock,rock,paper,lose,order-2,true,0.010,2026-08-27T14:17:29.056Z
175,paper,paper,scissors,lose,order-2,true,0.010,2026-08-27T14:17:29.056Z
176,scissors,scissors,rock,lose,order-2,true,0.010,2026-08-27T14:17:29.056Z
177,rock,rock,paper,lose,order-2,true,0.010,2026-08-27T14:17:29.056Z
178,paper,paper,rock,win,random,true,0.010,2026-08-27T14:17:29.056Z
179,paper,scissors,rock,win,order-2,false,0.010,2026-08-27T14:17:29.056Z
180,paper,scissors,rock,win,order-1,false,0.010,2026-08-27T14:17:29.056Z
181,paper,paper,scissors,lose,order-2,true,0.010,2026-08-27T14:17:29.056Z
182,scissors,paper,scissors,tie,order-2,false,0.010,2026-08-27T14:17:29.056Z
183,rock,rock,paper,lose,order-2,true,0.010,2026-08-27T14:17:29.056Z
184,paper,paper,paper,tie,random,true,0.010,2026-08-27T14:17:29.056Z
185,scissors,scissors,rock,lose,order-2,true,0.010,2026-08-27T14:17:29.056Z
186,rock,rock,paper,lose,order-2,true,0.010,2026-08-27T14:17:29.056Z
187,paper,paper,scissors,lose,order-2,true,0.010,2026-08-27T14:17:29.056Z
188,scissors,scissors,rock,lose,order-2,true,0.010,2026-08-27T14:17:29.056Z
189,rock,rock,paper,lose,order-2,true,0.010,2026-08-27T14:17:29.056Z
190,paper,paper,scissors,lose,order-2,true,0.010,2026-08-27T14:17:29.056Z
191,scissors,scissors,rock,lose,random,true,0.010,2026-08-27T14:17:29.056Z
192,rock,rock,paper,lose,order-2,true,0.010,2026-08-27T14:17:29.056Z
193,paper,paper,scissors,lose,order-2,true,0.010,2026-08-27T14:17:29.056Z
194,scissors,scissors,paper,win,random,true,0.010,2026-08-27T14:17:29.056Z
195,scissors,rock,paper,win,order-2,false,0.010,2026-08-27T14:17:29.056Z
196,scissors,rock,paper,win,order-1,false,0.010,2026-08-27T14:17:29.056Z
197,scissors,scissors,rock,lose,order-2,true,0.010,2026-08-27T14:17:29.056Z
198,rock,scissors,rock,tie,order-2,false,0.010,2026-08-27T14:17:29.056Z
199,paper,paper,scissors,lose,order-2,true,0.010,2026-08-27T14:17:29.056Z
200,scissors,scissors,rock,lose,order-2,true,0.010,2026-08-27T14:17:29.056Z
201,rock,rock,paper,lose,order-2,true,0.010,2026-08-27T14:17:29.056Z
202,paper,paper,paper,tie,random,true,0.010,2026-08-27T14:17:29.056Z
203,scissors,scissors,rock,lose,order-2,true,0.010,2026-08-27T14:17:29.056Z
204,rock,rock,paper,lose,order-2,true,0.010,2026-08-27T14:17:29.056Z
205,paper,paper,scissors,lose,order-2,true,0.010,2026-08-27T14:17:29.056Z
206,scissors,scissors,rock,lose,order-2,true,0.010,2026-08-27T14:17:29.056Z
207,rock,rock,paper,lose,order-2,true,0.010,2026-08-27T14:17:29.056Z
208,paper,paper,scissors,lose,order-2,true,0.010,2026-08-27T14:17:29.056Z
209,scissors,scissors,rock,lose,order-2,true,0.010,2026-08-27T14:17:29.056Z
210,rock,rock,paper,lose,order-2,true,0.010,2026-08-27T14:17:29.056Z
211,paper,paper,scissors,lose,order-2,true,0.010,2026-08-27T14:17:29.057Z
212,scissors,scissors,rock,lose,order-2,true,0.010,2026-08-27T14:17:29.057Z
213,rock,rock,paper,lose,order-2,true,0.010,2026-08-27T14:17:29.057Z
214,paper,paper,scissors,lose,order-2,true,0.010,2026-08-27T14:17:29.057Z
215,scissors,scissors,rock,lose,order-2,true,0.010,2026-08-27T14:17:29.057Z
216,rock,rock,paper,lose,order-2,true,0.010,2026-08-27T14:17:29.057Z
217,paper,paper,scissors,lose,order-2,true,0.010,2026-08-27T14:17:29.057Z
218,scissors,scissors,rock,lose,order-2,true,0.010,2026-08-27T14:17:29.057Z
219,rock,rock,paper,lose,order-2,true,0.010,2026-08-27T14:17:29.057Z
220,paper,paper,scissors,lose,order-2,true,0.010,2026-08-27T14:17:29.057Z
221,scissors,scissors,rock,lose,order-2,true,0.010,2026-08-27T14:17:29.057Z
222,rock,rock,paper,lose,order-2,true,0.010,2026-08-27T14:17:29.057Z
223,paper,paper,scissors,lose,order-2,true,0.010,2026-08-27T14:17:29.057Z
224,scissors,scissors,rock,lose,order-2,true,0.010,2026-08-27T14:17:29.057Z
225,rock,rock,paper,lose,order-2,true,0.010,2026-08-27T14:17:29.057Z
226,paper,paper,scissors,lose,order-2,true,0.010,2026-08-27T14:17:29.057Z
227,scissors,scissors,rock,lose,order-2,true,0.010,2026-08-27T14:17:29.057Z
228,rock,rock,paper,lose,order-2,true,0.010,2026-08-27T14:17:29.057Z
229,paper,paper,scissors,lose,order-2,true,0.010,2026-08-27T14:17:29.057Z
230,scissors,scissors,rock,lose,order-2,true,0.010,2026-08-27T14:17:29.057Z
231,rock,rock,paper,lose,order-2,true,0.010,2026-08-27T14:17:29.057Z
232,paper,paper,scissors,lose,order-2,true,0.010,2026-08-27T14:17:29.057Z
233,scissors,scissors,rock,lose,order-2,true,0.010,2026-08-27T14:17:29.057Z
234,rock,rock,paper,lose,order-2,true,0.010,2026-08-27T14:17:29.057Z
235,paper,paper,scissors,lose,order-2,true,0.010,2026-08-27T14:17:29.057Z
236,scissors,scissors,rock,lose,order-2,true,0.010,2026-08-27T14:17:29.057Z
237,rock,rock,paper,lose,order-2,true,0.010,2026-08-27T14:17:29.057Z
238,paper,paper,scissors,lose,order-2,true,0.010,2026-08-27T14:17:29.057Z
239,scissors,scissors,paper,win,random,true,0.010,2026-08-27T14:17:29.057Z
240,scissors,rock,scissors,tie,random,false,0.010,2026-08-27T14:17:29.057Z
241,rock,rock,paper,lose,order-1,true,0.010,2026-08-27T14:17:29.057Z
242,paper,paper,scissors,lose,order-2,true,0.030,2026-08-27T14:17:29.057Z
243,scissors,scissors,rock,lose,order-2,true,0.010,2026-08-27T14:17:29.057Z
244,rock,rock,paper,lose,order-1,true,0.010,2026-08-27T14:17:29.057Z
245,paper,paper,scissors,lose,order-2,true,0.010,2026-08-27T14:17:29.057Z
246,scissors,scissors,rock,lose,order-2,true,0.010,2026-08-27T14:17:29.057Z
247,rock,rock,paper,lose,order-1,true,0.010,2026-08-27T14:17:29.057Z
248,paper,paper,scissors,lose,order-2,true,0.010,2026-08-27T14:17:29.057Z
249,scissors,scissors,rock,lose,order-2,true,0.010,2026-08-27T14:17:29.057Z
250,rock,rock,paper,lose,order-1,true,0.010,2026-08-27T14:17:29.057Z
251,paper,paper,scissors,lose,order-2,true,0.010,2026-08-27T14:17:29.057Z
252,scissors,scissors,rock,lose,order-2,true,0.010,2026-08-27T14:17:29.057Z
253,rock,rock,paper,lose,order-2,true,0.010,2026-08-27T14:17:29.057Z
254,paper,paper,scissors,lose,order-2,true,0.010,2026-08-27T14:17:29.057Z
255,scissors,scissors,rock,lose,order-2,true,0.010,2026-08-27T14:17:29.057Z
256,rock,rock,paper,lose,random,true,0.010,2026-08-27T14:17:29.057Z
257,paper,paper,scissors,lose,order-2,true,0.010,2026-08-27T14:17:29.057Z
258,scissors,scissors,rock,lose,order-2,true,0.010,2026-08-27T14:17:29.057Z
259,rock,rock,scissors,win,random,true,0.010,2026-08-27T14:17:29.057Z
260,rock,paper,scissors,win,order-2,false,0.010,2026-08-27T14:17:29.057Z
261,rock,paper,scissors,win,order-1,false,0.010,2026-08-27T14:17:29.057Z
262,rock,rock,paper,lose,order-2,true,0.010,2026-08-27T14:17:29.057Z
263,paper,rock,paper,tie,order-2,false,0.010,2026-08-27T14:17:29.057Z
264,scissors,scissors,rock,lose,order-2,true,0.010,2026-08-27T14:17:29.057Z
265,rock,rock,rock,tie,random,true,0.010,2026-08-27T14:17:29.057Z
266,paper,paper,scissors,lose,order-2,true,0.010,2026-08-27T14:17:29.057Z
267,scissors,scissors,rock,lose,order-2,true,0.010,2026-08-27T14:17:29.057Z
268,rock,rock,paper,lose,order-2,true,0.010,2026-08-27T14:17:29.057Z
269,paper,paper,scissors,lose,order-2,true,0.010,2026-08-27T14:17:29.057Z
270,scissors,scissors,rock,lose,order-2,true,0.010,2026-08-27T14:17:29.057Z
271,rock,rock,paper,lose,order-2,true,0.010,2026-08-27T14:17:29.057Z
272,paper,paper,scissors,lose,order-2,true,0.010,2026-08-27T14:17:29.057Z
273,scissors,scissors,rock,lose,order-2,true,0.010,2026-08-27T14:17:29.057Z
274,rock,rock,paper,lose,order-2,true,0.010,2026-08-27T14:17:29.057Z
275,paper,paper,scissors,lose,order-2,true,0.010,2026-08-27T14:17:29.057Z
276,scissors,scissors,rock,lose,order-2,true,0.010,2026-08-27T14:17:29.057Z
277,rock,rock,rock,tie,random,true,0.010,2026-08-27T14:17:29.057Z
278,paper,paper,scissors,lose,order-2,true,0.010,2026-08-27T14:17:29.057Z
279,scissors,scissors,rock,lose,order-2,true,0.010,2026-08-27T14:17:29.057Z
280,rock,rock,paper,lose,order-2,true,0.010,2026-08-27T14:17:29.057Z
281,paper,paper,scissors,lose,order-2,true,0.010,2026-08-27T14:17:29.057Z
282,scissors,scissors,rock,lose,order-2,true,0.010,2026-08-27T14:17:29.057Z
283,rock,rock,paper,lose,order-2,true,0.010,2026-08-27T14:17:29.057Z
284,paper,paper,scissors,lose,order-2,true,0.010,2026-08-27T14:17:29.057Z
285,scissors,scissors,rock,lose,order-2,true,0.010,2026-08-27T14:17:29.057Z
286,rock,rock,paper,lose,order-2,true,0.010,2026-08-27T14:17:29.057Z
287,paper,paper,scissors,lose,order-2,true,0.010,2026-08-27T14:17:29.057Z
288,scissors,scissors,rock,lose,order-2,true,0.010,2026-08-27T14:17:29.057Z
289,rock,rock,paper,lose,order-2,true,0.010,2026-08-27T14:17:29.057Z
290,paper,paper,scissors,lose,order-2,true,0.010,2026-08-27T14:17:29.057Z
291,scissors,scissors,rock,lose,order-2,true,0.010,2026-08-27T14:17:29.057Z
292,rock,rock,paper,lose,order-2,true,0.010,2026-08-27T14:17:29.057Z
293,paper,paper,scissors,lose,order-2,true,0.010,2026-08-27T14:17:29.057Z
294,scissors,scissors,rock,lose,order-2,true,0.010,2026-08-27T14:17:29.057Z
295,rock,rock,paper,lose,order-2,true,0.010,2026-08-27T14:17:29.057Z
296,paper,paper,scissors,lose,order-2,true,0.010,2026-08-27T14:17:29.057Z
297,scissors,scissors,rock,lose,order-2,true,0.010,2026-08-27T14:17:29.057Z
298,rock,rock,paper,lose,order-2,true,0.010,2026-08-27T14:17:29.057Z
299,paper,paper,scissors,lose,order-2,true,0.010,2026-08-27T14:17:29.057Z
300,scissors,scissors,rock,lose,order-2,true,0.010,2026-08-27T14:17:29.057Z
301,rock,rock,paper,lose,order-2,true,0.010,2026-08-27T14:17:29.057Z
302,paper,paper,scissors,lose,order-2,true,0.010,2026-08-27T14:17:29.057Z
303,scissors,scissors,rock,lose,order-2,true,0.010,2026-08-27T14:17:29.057Z
304,rock,rock,paper,lose,order-2,true,0.010,2026-08-27T14:17:29.057Z
305,paper,paper,scissors,lose,random,true,0.010,2026-08-27T14:17:29.057Z
306,scissors,scissors,rock,lose,order-2,true,0.010,2026-08-27T14:17:29.057Z
307,rock,rock,paper,lose,order-2,true,0.010,2026-08-27T14:17:29.057Z
308,paper,paper,scissors,lose,order-2,true,0.010,2026-08-27T14:17:29.057Z
309,scissors,scissors,rock,lose,order-2,true,0.010,2026-08-27T14:17:29.057Z
310,rock,rock,paper,lose,order-2,true,0.010,2026-08-27T14:17:29.057Z
311,paper,paper,scissors,lose,order-2,true,0.010,2026-08-27T14:17:29.057Z
312,scissors,scissors,rock,lose,order-2,true,0.010,2026-08-27T14:17:29.057Z
313,rock,rock,paper,lose,order-2,true,0.010,2026-08-27T14:17:29.057Z
314,paper,paper,scissors,lose,order-2,true,0.010,2026-08-27T14:17:29.057Z
315,scissors,scissors,rock,lose,order-2,true,0.010,2026-08-27T14:17:29.057Z
316,rock,rock,paper,lose,order-2,true,0.010,2026-08-27T14:17:29.057Z
317,paper,paper,scissors,lose,order-2,true,0.010,2026-08-27T14:17:29.057Z
318,scissors,scissors,rock,lose,order-2,true,0.010,2026-08-27T14:17:29.057Z
319,rock,rock,paper,lose,order-2,true,0.010,2026-08-27T14:17:29.057Z
320,paper,paper,scissors,lose,order-2,true,0.010,2026-08-27T14:17:29.057Z
321,scissors,scissors,rock,lose,order-2,true,0.010,2026-08-27T14:17:29.057Z
322,rock,rock,paper,lose,order-2,true,0.010,2026-08-27T14:17:29.057Z
323,paper,paper,scissors,lose,order-2,true,0.010,2026-08-27T14:17:29.057Z
324,scissors,scissors,rock,lose,order-2,true,0.010,2026-08-27T14:17:29.057Z
325,rock,rock,paper,lose,order-2,true,0.010,2026-08-27T14:17:29.057Z
326,paper,paper,scissors,lose,order-2,true,0.010,2026-08-27T14:17:29.057Z
327,scissors,scissors,rock,lose,order-2,true,0.010,2026-08-27T14:17:29.057Z
328,rock,rock,paper,lose,order-2,true,0.010,2026-08-27T14:17:29.057Z
329,paper,paper,scissors,lose,order-2,true,0.010,2026-08-27T14:17:29.057Z
330,scissors,scissors,rock,lose,order-2,true,0.010,2026-08-27T14:17:29.057Z
331,rock,rock,paper,lose,order-2,true,0.010,2026-08-27T14:17:29.057Z
332,paper,paper,scissors,lose,order-2,true,0.010,2026-08-27T14:17:29.057Z
333,scissors,scissors,rock,lose,order-2,true,0.010,2026-08-27T14:17:29.057Z
334,rock,rock,paper,lose,order-2,true,0.010,2026-08-27T14:17:29.057Z
335,paper,paper,scissors,lose,order-2,true,0.010,2026-08-27T14:17:29.057Z
336,scissors,scissors,rock,lose,order-2,true,0.010,2026-08-27T14:17:29.057Z
337,rock,rock,paper,lose,order-2,true,0.010,2026-08-27T14:17:29.057Z
338,paper,paper,scissors,lose,order-2,true,0.010,2026-08-27T14:17:29.057Z
339,scissors,scissors,rock,lose,order-2,true,0.010,2026-08-27T14:17:29.057Z
340,rock,rock,paper,lose,order-2,true,0.010,2026-08-27T14:17:29.057Z
341,paper,paper,scissors,lose,order-2,true,0.010,2026-08-27T14:17:29.057Z
342,scissors,scissors,rock,lose,order-2,true,0.010,2026-08-27T14:17:29.057Z
343,rock,rock,paper,lose,order-2,true,0.010,2026-08-27T14:17:29.057Z
344,paper,paper,rock,win,random,true,0.010,2026-08-27T14:17:29.057Z
345,paper,scissors,rock,win,order-2,false,0.010,2026-08-27T14:17:29.057Z
346,paper,scissors,rock,win,order-1,false,0.010,2026-08-27T14:17:29.057Z
347,paper,paper,scissors,lose,order-2,true,0.010,2026-08-27T14:17:29.057Z
348,scissors,paper,scissors,tie,order-2,false,0.010,2026-08-27T14:17:29.057Z
349,rock,rock,paper,lose,order-2,true,0.010,2026-08-27T14:17:29.057Z
350,paper,paper,scissors,lose,order-2,true,0.010,2026-08-27T14:17:29.057Z
351,scissors,scissors,rock,lose,order-2,true,0.010,2026-08-27T14:17:29.057Z
352,rock,rock,paper,lose,order-2,true,0.010,2026-08-27T14:17:29.057Z
353,paper,paper,scissors,lose,order-2,true,0.010,2026-08-27T14:17:29.057Z
354,scissors,scissors,rock,lose,order-2,true,0.010,2026-08-27T14:17:29.057Z
355,rock,rock,paper,lose,order-2,true,0.010,2026-08-27T14:17:29.057Z
356,paper,paper,scissors,lose,order-2,true,0.010,2026-08-27T14:17:29.057Z
357,scissors,scissors,rock,lose,order-2,true,0.010,2026-08-27T14:17:29.057Z
358,rock,rock,paper,lose,order-2,true,0.010,2026-08-27T14:17:29.057Z
359,paper,paper,scissors,lose,order-2,true,0.010,2026-08-27T14:17:29.057Z
360,scissors,scissors,rock,lose,order-2,true,0.010,2026-08-27T14:17:29.057Z
361,rock,rock,paper,lose,order-2,true,0.010,2026-08-27T14:17:29.057Z
362,paper,paper,scissors,lose,order-2,true,0.010,2026-08-27T14:17:29.057Z
363,scissors,scissors,rock,lose,order-2,true,0.010,2026-08-27T14:17:29.057Z
364,rock,rock,paper,lose,order-2,true,0.010,2026-08-27T14:17:29.057Z
365,paper,paper,scissors,lose,order-2,true,0.010,2026-08-27T14:17:29.057Z
366,scissors,scissors,rock,lose,order-2,true,0.010,2026-08-27T14:17:29.057Z
367,rock,rock,paper,lose,order-2,true,0.010,2026-08-27T14:17:29.057Z
368,paper,paper,scissors,lose,order-2,true,0.010,2026-08-27T14:17:29.057Z
369,scissors,scissors,rock,lose,order-2,true,0.010,2026-08-27T14:17:29.057Z
370,rock,rock,paper,lose,order-2,true,0.010,2026-08-27T14:17:29.057Z
371,paper,paper,scissors,lose,order-2,true,0.010,2026-08-27T14:17:29.057Z
372,scissors,scissors,rock,lose,order-2,true,0.010,2026-08-27T14:17:29.057Z
373,rock,rock,paper,lose,order-2,true,0.010,2026-08-27T14:17:29.057Z
374,paper,paper,paper,tie,random,true,0.010,2026-08-27T14:17:29.057Z
375,scissors,scissors,rock,lose,order-2,true,0.010,2026-08-27T14:17:29.057Z
376,rock,rock,paper,lose,order-2,true,0.010,2026-08-27T14:17:29.057Z
377,paper,paper,scissors,lose,order-2,true,0.010,2026-08-27T14:17:29.057Z
378,scissors,scissors,rock,lose,order-2,true,0.010,2026-08-27T14:17:29.057Z
379,rock,rock,paper,lose,order-2,true,0.010,2026-08-27T14:17:29.057Z
380,paper,paper,scissors,lose,order-2,true,0.010,2026-08-27T14:17:29.057Z
381,scissors,scissors,rock,lose,order-2,true,0.010,2026-08-27T14:17:29.057Z
382,rock,rock,paper,lose,order-2,true,0.010,2026-08-27T14:17:29.057Z
383,paper,paper,scissors,lose,order-2,true,0.010,2026-08-27T14:17:29.057Z
384,scissors,scissors,rock,lose,order-2,true,0.010,2026-08-27T14:17:29.057Z
385,rock,rock,paper,lose,order-2,true,0.010,2026-08-27T14:17:29.057Z
386,paper,paper,scissors,lose,order-2,true,0.010,2026-08-27T14:17:29.057Z
387,scissors,scissors,rock,lose,order-2,true,0.010,2026-08-27T14:17:29.057Z
388,rock,rock,paper,lose,order-2,true,0.010,2026-08-27T14:17:29.057Z
389,paper,paper,scissors,lose,order-2,true,0.010,2026-08-27T14:17:29.057Z
390,scissors,scissors,rock,lose,order-2,true,0.010,2026-08-27T14:17:29.057Z
391,rock,rock,paper,lose,order-2,true,0.010,2026-08-27T14:17:29.057Z
392,paper,paper,paper,tie,random,true,0.010,2026-08-27T14:17:29.057Z
393,scissors,scissors,paper,win,random,true,0.010,2026-08-27T14:17:29.057Z
394,scissors,rock,paper,win,order-2,false,0.010,2026-08-27T14:17:29.057Z
395,scissors,rock,paper,win,order-1,false,0.010,2026-08-27T14:17:29.057Z
396,scissors,scissors,rock,lose,order-2,true,0.010,2026-08-27T14:17:29.057Z
397,rock,scissors,scissors,win,random,false,0.010,2026-08-27T14:17:29.057Z
398,rock,paper,scissors,win,random,false,0.010,2026-08-27T14:17:29.057Z
399,rock,paper,scissors,win,order-1,false,0.010,2026-08-27T14:17:29.057Z
400,rock,rock,paper,lose,order-2,true,0.010,2026-08-27T14:17:29.057Z
401,paper,rock,paper,tie,order-2,false,0.010,2026-08-27T14:17:29.057Z
402,scissors,scissors,rock,lose,order-2,true,0.010,2026-08-27T14:17:29.057Z
403,rock,rock,paper,lose,order-2,true,0.010,2026-08-27T14:17:29.057Z
404,paper,paper,scissors,lose,order-2,true,0.010,2026-08-27T14:17:29.057Z
405,scissors,scissors,rock,lose,order-2,true,0.010,2026-08-27T14:17:29.057Z
406,rock,rock,paper,lose,random,true,0.010,2026-08-27T14:17:29.057Z
407,paper,paper,scissors,lose,order-2,true,0.010,2026-08-27T14:17:29.057Z
408,scissors,scissors,rock,lose,random,true,0.010,2026-08-27T14:17:29.057Z
409,rock,rock,paper,lose,order-2,true,0.010,2026-08-27T14:17:29.057Z
410,paper,paper,scissors,lose,order-2,true,0.010,2026-08-27T14:17:29.057Z
411,scissors,scissors,rock,lose,order-2,true,0.010,2026-08-27T14:17:29.057Z
412,rock,rock,paper,lose,order-2,true,0.010,2026-08-27T14:17:29.057Z
413,paper,paper,scissors,lose,order-2,true,0.010,2026-08-27T14:17:29.057Z
414,scissors,scissors,rock,lose,order-2,true,0.010,2026-08-27T14:17:29.057Z
415,rock,rock,paper,lose,order-2,true,0.010,2026-08-27T14:17:29.057Z
416,paper,paper,scissors,lose,order-2,true,0.010,2026-08-27T14:17:29.057Z
417,scissors,scissors,rock,lose,order-2,true,0.010,2026-08-27T14:17:29.057Z
418,rock,rock,paper,lose,order-2,true,0.010,2026-08-27T14:17:29.057Z
419,paper,paper,scissors,lose,order-2,true,0.010,2026-08-27T14:17:29.057Z
420,scissors,scissors,rock,lose,order-2,true,0.010,2026-08-27T14:17:29.057Z
421,rock,rock,paper,lose,order-2,true,0.010,2026-08-27T14:17:29.057Z
422,paper,paper,paper,tie,random,true,0.010,2026-08-27T14:17:29.057Z
423,scissors,scissors,rock,lose,order-2,true,0.010,2026-08-27T14:17:29.057Z
424,rock,rock,paper,lose,order-2,true,0.010,2026-08-27T14:17:29.057Z
425,paper,paper,scissors,lose,order-2,true,0.010,2026-08-27T14:17:29.057Z
426,scissors,scissors,rock,lose,order-2,true,0.010,2026-08-27T14:17:29.057Z
427,rock,rock,paper,lose,order-2,true,0.010,2026-08-27T14:17:29.057Z
428,paper,paper,scissors,lose,order-2,true,0.010,2026-08-27T14:17:29.057Z
429,scissors,scissors,rock,lose,order-2,true,0.010,2026-08-27T14:17:29.057Z
430,rock,rock,paper,lose,order-2,true,0.010,2026-08-27T14:17:29.057Z
431,paper,paper,scissors,lose,order-2,true,0.010,2026-08-27T14:17:29.057Z
432,scissors,scissors,rock,lose,order-2,true,0.010,2026-08-27T14:17:29.057Z
433,rock,rock,paper,lose,order-2,true,0.010,2026-08-27T14:17:29.057Z
434,paper,paper,scissors,lose,order-2,true,0.010,2026-08-27T14:17:29.057Z
435,scissors,scissors,rock,lose,order-2,true,0.010,2026-08-27T14:17:29.057Z
436,rock,rock,paper,lose,order-2,true,0.010,2026-08-27T14:17:29.057Z
437,paper,paper,scissors,lose,order-2,true,0.010,2026-08-27T14:17:29.057Z
438,scissors,scissors,rock,lose,order-2,true,0.010,2026-08-27T14:17:29.057Z
439,rock,rock,paper,lose,order-2,true,0.010,2026-08-27T14:17:29.057Z
440,paper,paper,scissors,lose,order-2,true,0.010,2026-08-27T14:17:29.057Z
441,scissors,scissors,rock,lose,order-2,true,0.010,2026-08-27T14:17:29.057Z
442,rock,rock,paper,lose,order-2,true,0.010,2026-08-27T14:17:29.057Z
443,paper,paper,scissors,lose,order-2,true,0.010,2026-08-27T14:17:29.057Z
444,scissors,scissors,rock,lose,order-2,true,0.010,2026-08-27T14:17:29.057Z
445,rock,rock,paper,lose,order-2,true,0.010,2026-08-27T14:17:29.057Z
446,paper,paper,scissors,lose,order-2,true,0.010,2026-08-27T14:17:29.057Z
447,scissors,scissors,rock,lose,order-2,true,0.010,2026-08-27T14:17:29.057Z
448,rock,rock,paper,lose,order-2,true,0.010,2026-08-27T14:17:29.057Z
449,paper,paper,scissors,lose,order-2,true,0.010,2026-08-27T14:17:29.057Z
450,scissors,scissors,rock,lose,order-2,true,0.010,2026-08-27T14:17:29.057Z
451,rock,rock,rock,tie,random,true,0.010,2026-08-27T14:17:29.057Z
452,paper,paper,scissors,lose,order-2,true,0.010,2026-08-27T14:17:29.057Z
453,scissors,scissors,paper,win,random,true,0.010,2026-08-27T14:17:29.057Z
454,scissors,rock,paper,win,order-2,false,0.010,2026-08-27T14:17:29.057Z
455,scissors,rock,paper,win,order-1,false,0.010,2026-08-27T14:17:29.057Z
456,scissors,scissors,rock,lose,order-2,true,0.010,2026-08-27T14:17:29.057Z
457,rock,scissors,rock,tie,order-2,false,0.010,2026-08-27T14:17:29.057Z
458,paper,paper,scissors,lose,order-2,true,0.010,2026-08-27T14:17:29.057Z
459,scissors,scissors,scissors,tie,random,true,0.010,2026-08-27T14:17:29.057Z
460,rock,rock,paper,lose,order-2,true,0.010,2026-08-27T14:17:29.057Z
461,paper,paper,scissors,lose,order-2,true,0.010,2026-08-27T14:17:29.057Z
462,scissors,scissors,rock,lose,order-2,true,0.010,2026-08-27T14:17:29.057Z
463,rock,rock,paper,lose,order-2,true,0.010,2026-08-27T14:17:29.057Z
464,paper,paper,scissors,lose,order-2,true,0.010,2026-08-27T14:17:29.057Z
465,scissors,scissors,rock,lose,order-2,true,0.010,2026-08-27T14:17:29.057Z
466,rock,rock,paper,lose,order-2,true,0.010,2026-08-27T14:17:29.057Z
467,paper,paper,scissors,lose,order-2,true,0.010,2026-08-27T14:17:29.057Z
468,scissors,scissors,rock,lose,order-2,true,0.010,2026-08-27T14:17:29.057Z
469,rock,rock,paper,lose,order-2,true,0.010,2026-08-27T14:17:29.057Z
470,paper,paper,scissors,lose,order-2,true,0.010,2026-08-27T14:17:29.057Z
471,scissors,scissors,rock,lose,order-2,true,0.010,2026-08-27T14:17:29.057Z
472,rock,rock,paper,lose,order-2,true,0.010,2026-08-27T14:17:29.057Z
473,paper,paper,scissors,lose,order-2,true,0.010,2026-08-27T14:17:29.057Z
474,scissors,scissors,rock,lose,order-2,true,0.010,2026-08-27T14:17:29.057Z
475,rock,rock,paper,lose,order-2,true,0.010,2026-08-27T14:17:29.057Z
476,paper,paper,scissors,lose,order-2,true,0.010,2026-08-27T14:17:29.057Z
477,scissors,scissors,paper,win,random,true,0.010,2026-08-27T14:17:29.057Z
478,scissors,rock,paper,win,order-2,false,0.010,2026-08-27T14:17:29.057Z
479,scissors,rock,paper,win,order-1,false,0.010,2026-08-27T14:17:29.057Z
480,scissors,scissors,rock,lose,order-2,true,0.010,2026-08-27T14:17:29.057Z
481,rock,scissors,rock,tie,order-2,false,0.010,2026-08-27T14:17:29.057Z
482,paper,paper,scissors,lose,order-2,true,0.010,2026-08-27T14:17:29.057Z
483,scissors,scissors,scissors,tie,random,true,0.010,2026-08-27T14:17:29.057Z
484,rock,rock,scissors,win,random,true,0.010,2026-08-27T14:17:29.057Z
485,rock,paper,scissors,win,order-2,false,0.010,2026-08-27T14:17:29.057Z
486,rock,paper,scissors,win,order-1,false,0.010,2026-08-27T14:17:29.057Z
487,rock,rock,paper,lose,order-2,true,0.010,2026-08-27T14:17:29.057Z
488,paper,rock,paper,tie,order-2,false,0.010,2026-08-27T14:17:29.057Z
489,scissors,scissors,rock,lose,order-2,true,0.010,2026-08-27T14:17:29.057Z
490,rock,rock,paper,lose,order-2,true,0.010,2026-08-27T14:17:29.057Z
491,paper,paper,scissors,lose,order-2,true,0.010,2026-08-27T14:17:29.057Z
492,scissors,scissors,rock,lose,order-2,true,0.010,2026-08-27T14:17:29.057Z
493,rock,rock,paper,lose,order-2,true,0.010,2026-08-27T14:17:29.057Z
494,paper,paper,scissors,lose,order-2,true,0.010,2026-08-27T14:17:29.057Z
495,scissors,scissors,rock,lose,order-2,true,0.010,2026-08-27T14:17:29.057Z
496,rock,rock,paper,lose,order-2,true,0.010,2026-08-27T14:17:29.057Z
497,paper,paper,scissors,lose,order-2,true,0.010,2026-08-27T14:17:29.057Z
498,scissors,scissors,rock,lose,order-2,true,0.010,2026-08-27T14:17:29.057Z
499,rock,rock,paper,lose,order-2,true,0.010,2026-08-27T14:17:29.057Z
500,paper,paper,scissors,lose,order-2,true,0.010,2026-08-27T14:17:29.057Z
501,scissors,scissors,rock,lose,order-2,true,0.010,2026-08-27T14:17:29.057Z
502,rock,rock,paper,lose,order-2,true,0.010,2026-08-27T14:17:29.057Z
503,paper,paper,scissors,lose,order-2,true,0.010,2026-08-27T14:17:29.057Z
504,scissors,scissors,rock,lose,order-2,true,0.010,2026-08-27T14:17:29.057Z
505,rock,rock,paper,lose,order-2,true,0.010,2026-08-27T14:17:29.057Z
506,paper,paper,scissors,lose,order-2,true,0.010,2026-08-27T14:17:29.057Z
507,scissors,scissors,rock,lose,order-2,true,0.010,2026-08-27T14:17:29.057Z
508,rock,rock,paper,lose,order-2,true,0.010,2026-08-27T14:17:29.057Z
509,paper,paper,scissors,lose,order-2,true,0.010,2026-08-27T14:17:29.057Z
510,scissors,scissors,rock,lose,order-2,true,0.010,2026-08-27T14:17:29.057Z
511,rock,rock,paper,lose,order-2,true,0.010,2026-08-27T14:17:29.057Z
512,paper,paper,scissors,lose,order-2,true,0.010,2026-08-27T14:17:29.057Z
513,scissors,scissors,scissors,tie,random,true,0.010,2026-08-27T14:17:29.057Z
514,rock,rock,paper,lose,order-2,true,0.010,2026-08-27T14:17:29.057Z
515,paper,paper,scissors,lose,order-2,true,0.010,2026-08-27T14:17:29.057Z
516,scissors,scissors,rock,lose,order-2,true,0.010,2026-08-27T14:17:29.057Z
517,rock,rock,paper,lose,order-2,true,0.010,2026-08-27T14:17:29.057Z
518,paper,paper,paper,tie,random,true,0.010,2026-08-27T14:17:29.057Z
519,scissors,scissors,rock,lose,order-2,true,0.010,2026-08-27T14:17:29.057Z
520,rock,rock,paper,lose,order-2,true,0.010,2026-08-27T14:17:29.057Z
521,paper,paper,scissors,lose,order-2,true,0.010,2026-08-27T14:17:29.057Z
522,scissors,scissors,rock,lose,order-2,true,0.010,2026-08-27T14:17:29.057Z
523,rock,rock,paper,lose,order-2,true,0.010,2026-08-27T14:17:29.057Z
524,paper,paper,scissors,lose,order-2,true,0.010,2026-08-27T14:17:29.057Z
525,scissors,scissors,rock,lose,order-2,true,0.010,2026-08-27T14:17:29.057Z
526,rock,rock,paper,lose,order-2,true,0.010,2026-08-27T14:17:29.057Z
527,paper,paper,scissors,lose,order-2,true,0.010,2026-08-27T14:17:29.057Z
528,scissors,scissors,rock,lose,order-2,true,0.010,2026-08-27T14:17:29.057Z
529,rock,rock,paper,lose,order-2,true,0.010,2026-08-27T14:17:29.057Z
530,paper,paper,scissors,lose,order-2,true,0.010,2026-08-27T14:17:29.057Z
531,scissors,scissors,rock,lose,order-2,true,0.010,2026-08-27T14:17:29.057Z
532,rock,rock,paper,lose,order-2,true,0.010,2026-08-27T14:17:29.057Z
533,paper,paper,scissors,lose,order-2,true,0.010,2026-08-27T14:17:29.057Z
534,scissors,scissors,rock,lose,order-2,true,0.010,2026-08-27T14:17:29.057Z
535,rock,rock,paper,lose,order-2,true,0.010,2026-08-27T14:17:29.057Z
536,paper,paper,scissors,lose,random,true,0.010,2026-08-27T14:17:29.057Z
537,scissors,scissors,paper,win,random,true,0.010,2026-08-27T14:17:29.057Z
538,scissors,rock,paper,win,order-2,false,0.010,2026-08-27T14:17:29.057Z
539,scissors,rock,paper,win,order-1,false,0.010,2026-08-27T14:17:29.057Z
540,scissors,scissors,rock,lose,order-2,true,0.010,2026-08-27T14:17:29.057Z
541,rock,scissors,paper,lose,random,false,0.010,2026-08-27T14:17:29.057Z
542,paper,paper,scissors,lose,order-2,true,0.010,2026-08-27T14:17:29.057Z
543,scissors,scissors,rock,lose,order-2,true,0.010,2026-08-27T14:17:29.057Z
544,rock,rock,paper,lose,order-2,true,0.010,2026-08-27T14:17:29.057Z
545,paper,paper,scissors,lose,order-2,true,0.010,2026-08-27T14:17:29.057Z
546,scissors,scissors,rock,lose,order-2,true,0.010,2026-08-27T14:17:29.057Z
547,rock,rock,paper,lose,order-2,true,0.010,2026-08-27T14:17:29.057Z
548,paper,paper,scissors,lose,order-2,true,0.010,2026-08-27T14:17:29.057Z
549,scissors,scissors,rock,lose,order-2,true,0.010,2026-08-27T14:17:29.057Z
550,rock,rock,paper,lose,order-2,true,0.010,2026-08-27T14:17:29.057Z
551,paper,paper,scissors,lose,order-2,true,0.010,2026-08-27T14:17:29.057Z
552,scissors,scissors,rock,lose,order-2,true,0.010,2026-08-27T14:17:29.057Z
553,rock,rock,paper,lose,order-2,true,0.010,2026-08-27T14:17:29.057Z
554,paper,paper,paper,tie,random,true,0.010,2026-08-27T14:17:29.057Z
555,scissors,scissors,rock,lose,order-2,true,0.010,2026-08-27T14:17:29.057Z
556,rock,rock,paper,lose,order-2,true,0.010,2026-08-27T14:17:29.057Z
557,paper,paper,scissors,lose,order-2,true,0.010,2026-08-27T14:17:29.057Z
558,scissors,scissors,rock,lose,order-2,true,0.010,2026-08-27T14:17:29.057Z
559,rock,rock,paper,lose,order-2,true,0.010,2026-08-27T14:17:29.057Z
560,paper,paper,scissors,lose,order-2,true,0.010,2026-08-27T14:17:29.057Z
561,scissors,scissors,rock,lose,order-2,true,0.010,2026-08-27T14:17:29.057Z
562,rock,rock,scissors,win,random,true,0.010,2026-08-27T14:17:29.057Z
563,rock,paper,paper,lose,random,false,0.010,2026-08-27T14:17:29.057Z
564,paper,paper,scissors,lose,order-1,true,0.010,2026-08-27T14:17:29.058Z
565,scissors,scissors,rock,lose,order-2,true,0.010,2026-08-27T14:17:29.058Z
566,rock,rock,paper,lose,order-2,true,0.010,2026-08-27T14:17:29.058Z
567,paper,paper,scissors,lose,random,true,0.010,2026-08-27T14:17:29.058Z
568,scissors,scissors,rock,lose,order-2,true,0.010,2026-08-27T14:17:29.058Z
569,rock,rock,paper,lose,order-2,true,0.010,2026-08-27T14:17:29.058Z
570,paper,paper,scissors,lose,order-1,true,0.010,2026-08-27T14:17:29.058Z
571,scissors,scissors,rock,lose,order-2,true,0.010,2026-08-27T14:17:29.058Z
572,rock,rock,paper,lose,order-2,true,0.010,2026-08-27T14:17:29.058Z
573,paper,paper,scissors,lose,order-1,true,0.010,2026-08-27T14:17:29.058Z
574,scissors,scissors,rock,lose,order-2,true,0.010,2026-08-27T14:17:29.058Z
575,rock,rock,paper,lose,order-2,true,0.010,2026-08-27T14:17:29.058Z
576,paper,paper,scissors,lose,order-1,true,0.010,2026-08-27T14:17:29.058Z
577,scissors,scissors,rock,lose,order-2,true,0.010,2026-08-27T14:17:29.058Z
578,rock,rock,paper,lose,order-2,true,0.010,2026-08-27T14:17:29.058Z
579,paper,paper,scissors,lose,order-1,true,0.010,2026-08-27T14:17:29.058Z
580,scissors,scissors,rock,lose,order-2,true,0.010,2026-08-27T14:17:29.058Z
581,rock,rock,paper,lose,order-2,true,0.010,2026-08-27T14:17:29.058Z
582,paper,paper,paper,tie,random,true,0.010,2026-08-27T14:17:29.058Z
583,scissors,scissors,rock,lose,order-2,true,0.010,2026-08-27T14:17:29.058Z
584,rock,rock,paper,lose,order-2,true,0.010,2026-08-27T14:17:29.058Z
585,paper,paper,scissors,lose,order-1,true,0.010,2026-08-27T14:17:29.058Z
586,scissors,scissors,rock,lose,order-2,true,0.010,2026-08-27T14:17:29.058Z
587,rock,rock,paper,lose,order-2,true,0.010,2026-08-27T14:17:29.058Z
588,paper,paper,scissors,lose,order-1,true,0.010,2026-08-27T14:17:29.058Z
589,scissors,scissors,rock,lose,order-2,true,0.010,2026-08-27T14:17:29.058Z
590,rock,rock,paper,lose,order-2,true,0.010,2026-08-27T14:17:29.058Z
591,paper,paper,scissors,lose,order-1,true,0.010,2026-08-27T14:17:29.058Z
592,scissors,scissors,rock,lose,order-2,true,0.010,2026-08-27T14:17:29.058Z
593,rock,rock,paper,lose,order-2,true,0.010,2026-08-27T14:17:29.058Z
594,paper,paper,scissors,lose,order-1,true,0.010,2026-08-27T14:17:29.058Z
595,scissors,scissors,rock,lose,order-2,true,0.010,2026-08-27T14:17:29.058Z
596,rock,rock,paper,lose,order-2,true,0.010,2026-08-27T14:17:29.058Z
597,paper,paper,paper,tie,random,true,0.010,2026-08-27T14:17:29.058Z
598,scissors,scissors,rock,lose,order-2,true,0.010,2026-08-27T14:17:29.058Z
599,rock,rock,paper,lose,order-2,true,0.010,2026-08-27T14:17:29.058Z
600,paper,paper,scissors,lose,order-1,true,0.010,2026-08-27T14:17:29.058Z
601,scissors,scissors,rock,lose,order-2,true,0.010,2026-08-27T14:17:29.058Z
602,rock,rock,paper,lose,order-2,true,0.010,2026-08-27T14:17:29.058Z
603,paper,paper,scissors,lose,order-1,true,0.010,2026-08-27T14:17:29.058Z
604,scissors,scissors,rock,lose,order-2,true,0.010,2026-08-27T14:17:29.058Z
605,rock,rock,paper,lose,order-2,true,0.010,2026-08-27T14:17:29.058Z
606,paper,paper,scissors,lose,order-1,true,0.010,2026-08-27T14:17:29.058Z
607,scissors,scissors,rock,lose,order-2,true,0.010,2026-08-27T14:17:29.058Z
608,rock,rock,paper,lose,order-2,true,0.010,2026-08-27T14:17:29.058Z
609,paper,paper,scissors,lose,order-1,true,0.010,2026-08-27T14:17:29.058Z
610,scissors,scissors,rock,lose,order-2,true,0.010,2026-08-27T14:17:29.058Z
611,rock,rock,rock,tie,random,true,0.010,2026-08-27T14:17:29.058Z
612,paper,paper,scissors,lose,order-1,true,0.010,2026-08-27T14:17:29.058Z
613,scissors,scissors,rock,lose,order-2,true,0.010,2026-08-27T14:17:29.058Z
614,rock,rock,paper,lose,order-2,true,0.010,2026-08-27T14:17:29.058Z
615,paper,paper,scissors,lose,order-1,true,0.010,2026-08-27T14:17:29.058Z
616,scissors,scissors,rock,lose,order-2,true,0.010,2026-08-27T14:17:29.058Z
617,rock,rock,paper,lose,order-2,true,0.010,2026-08-27T14:17:29.058Z
618,paper,paper,scissors,lose,order-1,true,0.010,2026-08-27T14:17:29.058Z
619,scissors,scissors,rock,lose,order-2,true,0.010,2026-08-27T14:17:29.058Z
620,rock,rock,paper,lose,order-2,true,0.010,2026-08-27T14:17:29.058Z
621,paper,paper,scissors,lose,order-1,true,0.010,2026-08-27T14:17:29.058Z
622,scissors,scissors,rock,lose,order-2,true,0.010,2026-08-27T14:17:29.058Z
623,rock,rock,paper,lose,order-2,true,0.010,2026-08-27T14:17:29.058Z
624,paper,paper,scissors,lose,order-1,true,0.010,2026-08-27T14:17:29.058Z
625,scissors,scissors,rock,lose,order-2,true,0.010,2026-08-27T14:17:29.058Z
626,rock,rock,paper,lose,order-2,true,0.010,2026-08-27T14:17:29.058Z
627,paper,paper,paper,tie,random,true,0.010,2026-08-27T14:17:29.058Z
628,scissors,scissors,rock,lose,order-2,true,0.010,2026-08-27T14:17:29.058Z
629,rock,rock,paper,lose,order-2,true,0.010,2026-08-27T14:17:29.058Z
630,paper,paper,scissors,lose,order-1,true,0.010,2026-08-27T14:17:29.058Z
631,scissors,scissors,rock,lose,order-2,true,0.010,2026-08-27T14:17:29.058Z
632,rock,rock,paper,lose,order-2,true,0.010,2026-08-27T14:17:29.058Z
633,paper,paper,scissors,lose,order-1,true,0.010,2026-08-27T14:17:29.058Z
634,scissors,scissors,rock,lose,order-2,true,0.010,2026-08-27T14:17:29.058Z
635,rock,rock,paper,lose,order-2,true,0.010,2026-08-27T14:17:29.058Z
636,paper,paper,scissors,lose,order-1,true,0.010,2026-08-27T14:17:29.058Z
637,scissors,scissors,rock,lose,order-2,true,0.010,2026-08-27T14:17:29.058Z
638,rock,rock,paper,lose,order-2,true,0.010,2026-08-27T14:17:29.058Z
639,paper,paper,scissors,lose,order-1,true,0.010,2026-08-27T14:17:29.058Z
640,scissors,scissors,rock,lose,order-2,true,0.010,2026-08-27T14:17:29.058Z
641,rock,rock,paper,lose,order-2,true,0.010,2026-08-27T14:17:29.058Z
642,paper,paper,scissors,lose,order-1,true,0.010,2026-08-27T14:17:29.058Z
643,scissors,scissors,rock,lose,order-2,true,0.010,2026-08-27T14:17:29.058Z
644,rock,rock,paper,lose,order-2,true,0.010,2026-08-27T14:17:29.058Z
645,paper,paper,scissors,lose,order-1,true,0.010,2026-08-27T14:17:29.058Z
646,scissors,scissors,rock,lose,order-2,true,0.010,2026-08-27T14:17:29.058Z
647,rock,rock,rock,tie,random,true,0.010,2026-08-27T14:17:29.058Z
648,paper,paper,scissors,lose,order-1,true,0.010,2026-08-27T14:17:29.058Z
649,scissors,scissors,rock,lose,order-2,true,0.010,2026-08-27T14:17:29.058Z
650,rock,rock,paper,lose,order-2,true,0.010,2026-08-27T14:17:29.058Z
651,paper,paper,scissors,lose,order-1,true,0.010,2026-08-27T14:17:29.058Z
652,scissors,scissors,rock,lose,order-2,true,0.010,2026-08-27T14:17:29.058Z
653,rock,rock,paper,lose,order-2,true,0.010,2026-08-27T14:17:29.058Z
654,paper,paper,scissors,lose,order-1,true,0.010,2026-08-27T14:17:29.058Z
655,scissors,scissors,rock,lose,order-2,true,0.010,2026-08-27T14:17:29.058Z
656,rock,rock,paper,lose,order-2,true,0.010,2026-08-27T14:17:29.058Z
657,paper,paper,scissors,lose,order-1,true,0.010,2026-08-27T14:17:29.058Z
658,scissors,scissors,rock,lose,order-2,true,0.010,2026-08-27T14:17:29.058Z
659,rock,rock,paper,lose,order-2,true,0.010,2026-08-27T14:17:29.058Z
660,paper,paper,scissors,lose,order-1,true,0.010,2026-08-27T14:17:29.058Z
661,scissors,scissors,rock,lose,order-2,true,0.010,2026-08-27T14:17:29.058Z
662,rock,rock,paper,lose,order-2,true,0.010,2026-08-27T14:17:29.058Z
663,paper,paper,rock,win,random,true,0.010,2026-08-27T14:17:29.058Z
664,paper,scissors,rock,win,order-2,false,0.010,2026-08-27T14:17:29.058Z
665,paper,scissors,rock,win,order-1,false,0.010,2026-08-27T14:17:29.058Z
666,paper,paper,scissors,lose,order-2,true,0.010,2026-08-27T14:17:29.058Z
667,scissors,paper,scissors,tie,order-2,false,0.010,2026-08-27T14:17:29.058Z
668,rock,rock,paper,lose,order-2,true,0.010,2026-08-27T14:17:29.058Z
669,paper,paper,scissors,lose,order-2,true,0.010,2026-08-27T14:17:29.058Z
670,scissors,scissors,rock,lose,order-2,true,0.010,2026-08-27T14:17:29.058Z
671,rock,rock,paper,lose,order-2,true,0.010,2026-08-27T14:17:29.058Z
672,paper,paper,scissors,lose,order-2,true,0.010,2026-08-27T14:17:29.058Z
673,scissors,scissors,rock,lose,order-2,true,0.010,2026-08-27T14:17:29.058Z
674,rock,rock,paper,lose,order-2,true,0.010,2026-08-27T14:17:29.058Z
675,paper,paper,scissors,lose,order-2,true,0.010,2026-08-27T14:17:29.058Z
676,scissors,scissors,rock,lose,order-2,true,0.010,2026-08-27T14:17:29.058Z
677,rock,rock,paper,lose,order-2,true,0.010,2026-08-27T14:17:29.058Z
678,paper,paper,scissors,lose,order-2,true,0.010,2026-08-27T14:17:29.058Z
679,scissors,scissors,rock,lose,order-2,true,0.010,2026-08-27T14:17:29.058Z
680,rock,rock,paper,lose,order-2,true,0.010,2026-08-27T14:17:29.058Z
681,paper,paper,scissors,lose,order-2,true,0.010,2026-08-27T14:17:29.058Z
682,scissors,scissors,rock,lose,order-2,true,0.010,2026-08-27T14:17:29.058Z
683,rock,rock,paper,lose,order-2,true,0.010,2026-08-27T14:17:29.058Z
684,paper,paper,scissors,lose,order-2,true,0.010,2026-08-27T14:17:29.058Z
685,scissors,scissors,rock,lose,order-2,true,0.010,2026-08-27T14:17:29.058Z
686,rock,rock,paper,lose,order-2,true,0.010,2026-08-27T14:17:29.058Z
687,paper,paper,scissors,lose,order-1,true,0.010,2026-08-27T14:17:29.058Z
688,scissors,scissors,rock,lose,order-2,true,0.010,2026-08-27T14:17:29.058Z
689,rock,rock,paper,lose,order-2,true,0.010,2026-08-27T14:17:29.058Z
690,paper,paper,paper,tie,random,true,0.010,2026-08-27T14:17:29.058Z
691,scissors,scissors,rock,lose,order-2,true,0.010,2026-08-27T14:17:29.058Z
692,rock,rock,paper,lose,order-2,true,0.010,2026-08-27T14:17:29.058Z
693,paper,paper,scissors,lose,order-1,true,0.010,2026-08-27T14:17:29.058Z
694,scissors,scissors,rock,lose,order-2,true,0.010,2026-08-27T14:17:29.058Z
695,rock,rock,paper,lose,order-2,true,0.010,2026-08-27T14:17:29.058Z
696,paper,paper,scissors,lose,order-1,true,0.010,2026-08-27T14:17:29.058Z
697,scissors,scissors,rock,lose,order-2,true,0.010,2026-08-27T14:17:29.058Z
698,rock,rock,paper,lose,order-2,true,0.010,2026-08-27T14:17:29.058Z
699,paper,paper,scissors,lose,order-1,true,0.010,2026-08-27T14:17:29.058Z
700,scissors,scissors,rock,lose,order-2,true,0.010,2026-08-27T14:17:29.058Z
701,rock,rock,paper,lose,order-2,true,0.010,2026-08-27T14:17:29.058Z
702,paper,paper,scissors,lose,order-1,true,0.010,2026-08-27T14:17:29.058Z
703,scissors,scissors,rock,lose,order-2,true,0.010,2026-08-27T14:17:29.058Z
704,rock,rock,paper,lose,order-2,true,0.010,2026-08-27T14:17:29.058Z
705,paper,paper,scissors,lose,order-1,true,0.010,2026-08-27T14:17:29.058Z
706,scissors,scissors,rock,lose,order-2,true,0.010,2026-08-27T14:17:29.058Z
707,rock,rock,paper,lose,order-2,true,0.010,2026-08-27T14:17:29.058Z
708,paper,paper,scissors,lose,order-1,true,0.010,2026-08-27T14:17:29.058Z
709,scissors,scissors,rock,lose,order-2,true,0.010,2026-08-27T14:17:29.058Z
710,rock,rock,paper,lose,random,true,0.010,2026-08-27T14:17:29.058Z
711,paper,paper,scissors,lose,order-1,true,0.010,2026-08-27T14:17:29.058Z
712,scissors,scissors,rock,lose,order-2,true,0.010,2026-08-27T14:17:29.058Z
713,rock,rock,paper,lose,random,true,0.010,2026-08-27T14:17:29.058Z
714,paper,paper,scissors,lose,order-1,true,0.010,2026-08-27T14:17:29.058Z
715,scissors,scissors,rock,lose,order-2,true,0.010,2026-08-27T14:17:29.058Z
716,rock,rock,paper,lose,order-2,true,0.010,2026-08-27T14:17:29.058Z
717,paper,paper,scissors,lose,order-1,true,0.010,2026-08-27T14:17:29.058Z
718,scissors,scissors,rock,lose,order-2,true,0.010,2026-08-27T14:17:29.058Z
719,rock,rock,paper,lose,order-2,true,0.010,2026-08-27T14:17:29.058Z
720,paper,paper,scissors,lose,random,true,0.010,2026-08-27T14:17:29.058Z
721,scissors,scissors,rock,lose,order-2,true,0.010,2026-08-27T14:17:29.058Z
722,rock,rock,paper,lose,order-2,true,0.010,2026-08-27T14:17:29.058Z
723,paper,paper,scissors,lose,order-1,true,0.010,2026-08-27T14:17:29.058Z
724,scissors,scissors,rock,lose,order-2,true,0.010,2026-08-27T14:17:29.058Z
725,rock,rock,paper,lose,order-2,true,0.010,2026-08-27T14:17:29.058Z
726,paper,paper,scissors,lose,order-1,true,0.010,2026-08-27T14:17:29.058Z
727,scissors,scissors,rock,lose,order-2,true,0.010,2026-08-27T14:17:29.058Z
728,rock,rock,scissors,win,random,true,0.010,2026-08-27T14:17:29.058Z
729,rock,paper,scissors,win,order-1,false,0.010,2026-08-27T14:17:29.058Z
730,rock,paper,scissors,win,order-1,false,0.010,2026-08-27T14:17:29.058Z
731,rock,rock,paper,lose,order-2,true,0.010,2026-08-27T14:17:29.058Z
732,paper,rock,paper,tie,order-2,false,0.010,2026-08-27T14:17:29.058Z
733,scissors,scissors,rock,lose,order-2,true,0.010,2026-08-27T14:17:29.058Z
734,rock,rock,paper,lose,order-2,true,0.010,2026-08-27T14:17:29.058Z
735,paper,paper,scissors,lose,order-2,true,0.010,2026-08-27T14:17:29.058Z
736,scissors,scissors,rock,lose,order-2,true,0.010,2026-08-27T14:17:29.058Z
737,rock,rock,paper,lose,order-2,true,0.010,2026-08-27T14:17:29.058Z
738,paper,paper,scissors,lose,order-2,true,0.010,2026-08-27T14:17:29.058Z
739,scissors,scissors,rock,lose,order-2,true,0.010,2026-08-27T14:17:29.058Z
740,rock,rock,paper,lose,order-2,true,0.010,2026-08-27T14:17:29.058Z
741,paper,paper,scissors,lose,order-2,true,0.010,2026-08-27T14:17:29.058Z
742,scissors,scissors,rock,lose,order-2,true,0.010,2026-08-27T14:17:29.058Z
743,rock,rock,paper,lose,order-2,true,0.010,2026-08-27T14:17:29.058Z
744,paper,paper,scissors,lose,order-2,true,0.010,2026-08-27T14:17:29.058Z
745,scissors,scissors,rock,lose,order-2,true,0.010,2026-08-27T14:17:29.058Z
746,rock,rock,paper,lose,order-2,true,0.010,2026-08-27T14:17:29.058Z
747,paper,paper,scissors,lose,order-2,true,0.010,2026-08-27T14:17:29.058Z
748,scissors,scissors,rock,lose,order-2,true,0.010,2026-08-27T14:17:29.058Z
749,rock,rock,paper,lose,order-2,true,0.010,2026-08-27T14:17:29.058Z
750,paper,paper,scissors,lose,order-2,true,0.010,2026-08-27T14:17:29.058Z
751,scissors,scissors,rock,lose,order-2,true,0.010,2026-08-27T14:17:29.058Z
752,rock,rock,paper,lose,order-2,true,0.010,2026-08-27T14:17:29.058Z
753,paper,paper,scissors,lose,order-2,true,0.010,2026-08-27T14:17:29.058Z
754,scissors,scissors,rock,lose,order-2,true,0.010,2026-08-27T14:17:29.058Z
755,rock,rock,paper,lose,order-2,true,0.010,2026-08-27T14:17:29.058Z
756,paper,paper,scissors,lose,order-2,true,0.010,2026-08-27T14:17:29.058Z
757,scissors,scissors,rock,lose,order-2,true,0.010,2026-08-27T14:17:29.058Z
758,rock,rock,paper,lose,order-2,true,0.010,2026-08-27T14:17:29.058Z
759,paper,paper,scissors,lose,order-2,true,0.010,2026-08-27T14:17:29.058Z
760,scissors,scissors,rock,lose,order-2,true,0.010,2026-08-27T14:17:29.058Z
761,rock,rock,paper,lose,order-2,true,0.010,2026-08-27T14:17:29.058Z
762,paper,paper,scissors,lose,order-2,true,0.010,2026-08-27T14:17:29.058Z
763,scissors,scissors,rock,lose,order-2,true,0.010,2026-08-27T14:17:29.058Z
764,rock,rock,paper,lose,order-2,true,0.010,2026-08-27T14:17:29.058Z
765,paper,paper,scissors,lose,order-2,true,0.010,2026-08-27T14:17:29.058Z
766,scissors,scissors,rock,lose,random,true,0.010,2026-08-27T14:17:29.058Z
767,rock,rock,paper,lose,order-2,true,0.010,2026-08-27T14:17:29.058Z
768,paper,paper,scissors,lose,order-2,true,0.010,2026-08-27T14:17:29.058Z
769,scissors,scissors,rock,lose,order-2,true,0.010,2026-08-27T14:17:29.058Z
770,rock,rock,paper,lose,order-2,true,0.010,2026-08-27T14:17:29.058Z
771,paper,paper,scissors,lose,order-2,true,0.010,2026-08-27T14:17:29.058Z
772,scissors,scissors,rock,lose,order-2,true,0.010,2026-08-27T14:17:29.058Z
773,rock,rock,paper,lose,order-2,true,0.010,2026-08-27T14:17:29.058Z
774,paper,paper,scissors,lose,order-2,true,0.010,2026-08-27T14:17:29.058Z
775,scissors,scissors,rock,lose,order-2,true,0.010,2026-08-27T14:17:29.058Z
776,rock,rock,paper,lose,order-2,true,0.010,2026-08-27T14:17:29.058Z
777,paper,paper,scissors,lose,order-2,true,0.010,2026-08-27T14:17:29.058Z
778,scissors,scissors,rock,lose,order-2,true,0.010,2026-08-27T14:17:29.058Z
779,rock,rock,paper,lose,order-2,true,0.010,2026-08-27T14:17:29.058Z
780,paper,paper,scissors,lose,order-2,true,0.010,2026-08-27T14:17:29.058Z
781,scissors,scissors,rock,lose,order-2,true,0.010,2026-08-27T14:17:29.058Z
782,rock,rock,paper,lose,order-2,true,0.010,2026-08-27T14:17:29.058Z
783,paper,paper,scissors,lose,order-2,true,0.010,2026-08-27T14:17:29.058Z
784,scissors,scissors,paper,win,random,true,0.010,2026-08-27T14:17:29.058Z
785,scissors,rock,paper,win,order-2,false,0.010,2026-08-27T14:17:29.058Z
786,scissors,rock,paper,win,order-1,false,0.010,2026-08-27T14:17:29.058Z
787,scissors,scissors,rock,lose,order-2,true,0.010,2026-08-27T14:17:29.058Z
788,rock,scissors,rock,tie,order-2,false,0.010,2026-08-27T14:17:29.058Z
789,paper,paper,scissors,lose,order-2,true,0.010,2026-08-27T14:17:29.058Z
790,scissors,scissors,rock,lose,order-2,true,0.010,2026-08-27T14:17:29.058Z
791,rock,rock,paper,lose,order-2,true,0.010,2026-08-27T14:17:29.058Z
792,paper,paper,scissors,lose,order-2,true,0.010,2026-08-27T14:17:29.058Z
793,scissors,scissors,rock,lose,order-2,true,0.010,2026-08-27T14:17:29.058Z
794,rock,rock,paper,lose,order-2,true,0.010,2026-08-27T14:17:29.058Z
795,paper,paper,scissors,lose,order-2,true,0.010,2026-08-27T14:17:29.058Z
796,scissors,scissors,rock,lose,order-2,true,0.010,2026-08-27T14:17:29.058Z
797,rock,rock,paper,lose,order-2,true,0.010,2026-08-27T14:17:29.058Z
798,paper,paper,scissors,lose,order-2,true,0.010,2026-08-27T14:17:29.058Z
799,scissors,scissors,rock,lose,order-2,true,0.010,2026-08-27T14:17:29.058Z
800,rock,rock,paper,lose,order-2,true,0.010,2026-08-27T14:17:29.058Z
801,paper,paper,scissors,lose,order-2,true,0.010,2026-08-27T14:17:29.059Z
802,scissors,scissors,rock,lose,order-2,true,0.010,2026-08-27T14:17:29.059Z
803,rock,rock,paper,lose,order-2,true,0.010,2026-08-27T14:17:29.059Z
804,paper,paper,scissors,lose,order-2,true,0.010,2026-08-27T14:17:29.059Z
805,scissors,scissors,rock,lose,order-2,true,0.010,2026-08-27T14:17:29.059Z
806,rock,rock,scissors,win,random,true,0.010,2026-08-27T14:17:29.059Z
807,rock,paper,scissors,win,order-2,false,0.010,2026-08-27T14:17:29.059Z
808,rock,paper,scissors,win,order-1,false,0.010,2026-08-27T14:17:29.059Z
809,rock,rock,paper,lose,order-2,true,0.010,2026-08-27T14:17:29.059Z
810,paper,rock,paper,tie,order-2,false,0.010,2026-08-27T14:17:29.059Z
811,scissors,scissors,rock,lose,order-2,true,0.010,2026-08-27T14:17:29.059Z
812,rock,rock,paper,lose,order-2,true,0.010,2026-08-27T14:17:29.059Z
813,paper,paper,scissors,lose,order-2,true,0.010,2026-08-27T14:17:29.059Z
814,scissors,scissors,rock,lose,order-2,true,0.010,2026-08-27T14:17:29.059Z
815,rock,rock,paper,lose,order-2,true,0.010,2026-08-27T14:17:29.059Z
816,paper,paper,scissors,lose,order-2,true,0.010,2026-08-27T14:17:29.059Z
817,scissors,scissors,rock,lose,order-2,true,0.010,2026-08-27T14:17:29.059Z
818,rock,rock,paper,lose,order-2,true,0.010,2026-08-27T14:17:29.059Z
819,paper,paper,scissors,lose,order-2,true,0.010,2026-08-27T14:17:29.059Z
820,scissors,scissors,rock,lose,order-2,true,0.010,2026-08-27T14:17:29.059Z
821,rock,rock,paper,lose,random,true,0.010,2026-08-27T14:17:29.059Z
822,paper,paper,scissors,lose,order-2,true,0.010,2026-08-27T14:17:29.059Z
823,scissors,scissors,rock,lose,order-2,true,0.010,2026-08-27T14:17:29.059Z
824,rock,rock,paper,lose,order-2,true,0.010,2026-08-27T14:17:29.059Z
825,paper,paper,scissors,lose,order-2,true,0.010,2026-08-27T14:17:29.059Z
826,scissors,scissors,rock,lose,order-2,true,0.010,2026-08-27T14:17:29.059Z
827,rock,rock,paper,lose,order-2,true,0.010,2026-08-27T14:17:29.059Z
828,paper,paper,scissors,lose,order-2,true,0.010,2026-08-27T14:17:29.059Z
829,scissors,scissors,rock,lose,order-2,true,0.010,2026-08-27T14:17:29.059Z
830,rock,rock,paper,lose,order-2,true,0.010,2026-08-27T14:17:29.059Z
831,paper,paper,scissors,lose,order-2,true,0.010,2026-08-27T14:17:29.059Z
832,scissors,scissors,scissors,tie,random,true,0.010,2026-08-27T14:17:29.059Z
833,rock,rock,paper,lose,order-2,true,0.010,2026-08-27T14:17:29.059Z
834,paper,paper,scissors,lose,order-2,true,0.010,2026-08-27T14:17:29.059Z
835,scissors,scissors,rock,lose,order-2,true,0.010,2026-08-27T14:17:29.059Z
836,rock,rock,paper,lose,order-2,true,0.010,2026-08-27T14:17:29.059Z
837,paper,paper,scissors,lose,order-2,true,0.010,2026-08-27T14:17:29.059Z
838,scissors,scissors,rock,lose,order-2,true,0.010,2026-08-27T14:17:29.059Z
839,rock,rock,paper,lose,order-2,true,0.010,2026-08-27T14:17:29.059Z
840,paper,paper,scissors,lose,order-2,true,0.010,2026-08-27T14:17:29.059Z
841,scissors,scissors,rock,lose,order-2,true,0.010,2026-08-27T14:17:29.059Z
842,rock,rock,paper,lose,order-2,true,0.010,2026-08-27T14:17:29.059Z
843,paper,paper,scissors,lose,order-2,true,0.010,2026-08-27T14:17:29.059Z
844,scissors,scissors,rock,lose,order-2,true,0.010,2026-08-27T14:17:29.059Z
845,rock,rock,paper,lose,order-2,true,0.010,2026-08-27T14:17:29.059Z
846,paper,paper,scissors,lose,order-2,true,0.010,2026-08-27T14:17:29.059Z
847,scissors,scissors,rock,lose,order-2,true,0.010,2026-08-27T14:17:29.059Z
848,rock,rock,paper,lose,order-2,true,0.010,2026-08-27T14:17:29.059Z
849,paper,paper,scissors,lose,order-2,true,0.010,2026-08-27T14:17:29.059Z
850,scissors,scissors,rock,lose,order-2,true,0.010,2026-08-27T14:17:29.059Z
851,rock,rock,paper,lose,order-2,true,0.010,2026-08-27T14:17:29.059Z
852,paper,paper,scissors,lose,order-2,true,0.010,2026-08-27T14:17:29.059Z
853,scissors,scissors,rock,lose,order-2,true,0.010,2026-08-27T14:17:29.059Z
854,rock,rock,paper,lose,order-2,true,0.010,2026-08-27T14:17:29.059Z
855,paper,paper,scissors,lose,order-2,true,0.010,2026-08-27T14:17:29.059Z
856,scissors,scissors,rock,lose,order-2,true,0.010,2026-08-27T14:17:29.059Z
857,rock,rock,rock,tie,random,true,0.010,2026-08-27T14:17:29.059Z
858,paper,paper,scissors,lose,order-2,true,0.010,2026-08-27T14:17:29.059Z
859,scissors,scissors,rock,lose,order-2,true,0.010,2026-08-27T14:17:29.059Z
860,rock,rock,paper,lose,order-2,true,0.010,2026-08-27T14:17:29.059Z
861,paper,paper,scissors,lose,order-2,true,0.010,2026-08-27T14:17:29.059Z
862,scissors,scissors,rock,lose,order-2,true,0.010,2026-08-27T14:17:29.059Z
863,rock,rock,paper,lose,order-2,true,0.010,2026-08-27T14:17:29.059Z
864,paper,paper,scissors,lose,order-2,true,0.010,2026-08-27T14:17:29.059Z
865,scissors,scissors,rock,lose,order-2,true,0.010,2026-08-27T14:17:29.059Z
866,rock,rock,paper,lose,random,true,0.010,2026-08-27T14:17:29.059Z
867,paper,paper,scissors,lose,random,true,0.010,2026-08-27T14:17:29.059Z
868,scissors,scissors,rock,lose,order-2,true,0.010,2026-08-27T14:17:29.059Z
869,rock,rock,paper,lose,order-2,true,0.010,2026-08-27T14:17:29.059Z
870,paper,paper,scissors,lose,order-2,true,0.010,2026-08-27T14:17:29.059Z
871,scissors,scissors,rock,lose,order-2,true,0.010,2026-08-27T14:17:29.059Z
872,rock,rock,paper,lose,order-2,true,0.010,2026-08-27T14:17:29.059Z
873,paper,paper,scissors,lose,order-2,true,0.010,2026-08-27T14:17:29.059Z
874,scissors,scissors,rock,lose,order-2,true,0.010,2026-08-27T14:17:29.059Z
875,rock,rock,paper,lose,order-2,true,0.010,2026-08-27T14:17:29.059Z
876,paper,paper,scissors,lose,order-2,true,0.010,2026-08-27T14:17:29.059Z
877,scissors,scissors,rock,lose,order-2,true,0.010,2026-08-27T14:17:29.059Z
878,rock,rock,paper,lose,order-2,true,0.010,2026-08-27T14:17:29.059Z
879,paper,paper,scissors,lose,order-2,true,0.010,2026-08-27T14:17:29.059Z
880,scissors,scissors,rock,lose,order-2,true,0.010,2026-08-27T14:17:29.059Z
881,rock,rock,paper,lose,random,true,0.010,2026-08-27T14:17:29.059Z
882,paper,paper,scissors,lose,order-2,true,0.010,2026-08-27T14:17:29.059Z
883,scissors,scissors,rock,lose,random,true,0.010,2026-08-27T14:17:29.059Z
884,rock,rock,paper,lose,order-2,true,0.010,2026-08-27T14:17:29.059Z
885,paper,paper,scissors,lose,order-2,true,0.010,2026-08-27T14:17:29.059Z
886,scissors,scissors,rock,lose,random,true,0.010,2026-08-27T14:17:29.059Z
887,rock,rock,rock,tie,random,true,0.010,2026-08-27T14:17:29.059Z
888,paper,paper,scissors,lose,order-2,true,0.010,2026-08-27T14:17:29.059Z
889,scissors,scissors,rock,lose,order-2,true,0.010,2026-08-27T14:17:29.059Z
890,rock,rock,paper,lose,order-2,true,0.010,2026-08-27T14:17:29.059Z
891,paper,paper,scissors,lose,order-2,true,0.010,2026-08-27T14:17:29.059Z
892,scissors,scissors,rock,lose,order-2,true,0.010,2026-08-27T14:17:29.059Z
893,rock,rock,paper,lose,order-2,true,0.010,2026-08-27T14:17:29.059Z
894,paper,paper,scissors,lose,order-2,true,0.010,2026-08-27T14:17:29.059Z
895,scissors,scissors,rock,lose,order-2,true,0.010,2026-08-27T14:17:29.059Z
896,rock,rock,paper,lose,order-2,true,0.010,2026-08-27T14:17:29.059Z
897,paper,paper,scissors,lose,order-2,true,0.010,2026-08-27T14:17:29.059Z
898,scissors,scissors,rock,lose,order-2,true,0.010,2026-08-27T14:17:29.059Z
899,rock,rock,paper,lose,order-2,true,0.010,2026-08-27T14:17:29.059Z
900,paper,paper,scissors,lose,order-2,true,0.010,2026-08-27T14:17:29.059Z
901,scissors,scissors,rock,lose,order-2,true,0.010,2026-08-27T14:17:29.059Z
902,rock,rock,paper,lose,order-2,true,0.010,2026-08-27T14:17:29.059Z
903,paper,paper,scissors,lose,random,true,0.010,2026-08-27T14:17:29.059Z
904,scissors,scissors,rock,lose,order-2,true,0.010,2026-08-27T14:17:29.059Z
905,rock,rock,paper,lose,order-2,true,0.010,2026-08-27T14:17:29.059Z
906,paper,paper,scissors,lose,order-2,true,0.010,2026-08-27T14:17:29.059Z
907,scissors,scissors,rock,lose,order-2,true,0.010,2026-08-27T14:17:29.059Z
908,rock,rock,paper,lose,order-2,true,0.010,2026-08-27T14:17:29.059Z
909,paper,paper,scissors,lose,order-2,true,0.010,2026-08-27T14:17:29.059Z
910,scissors,scissors,rock,lose,order-2,true,0.010,2026-08-27T14:17:29.059Z
911,rock,rock,paper,lose,order-2,true,0.010,2026-08-27T14:17:29.059Z
912,paper,paper,scissors,lose,order-2,true,0.010,2026-08-27T14:17:29.059Z
913,scissors,scissors,rock,lose,order-2,true,0.010,2026-08-27T14:17:29.059Z
914,rock,rock,scissors,win,random,true,0.010,2026-08-27T14:17:29.059Z
915,rock,paper,scissors,win,random,false,0.010,2026-08-27T14:17:29.059Z
916,rock,paper,scissors,win,order-1,false,0.010,2026-08-27T14:17:29.059Z
917,rock,rock,paper,lose,order-2,true,0.010,2026-08-27T14:17:29.059Z
918,paper,rock,paper,tie,order-2,false,0.010,2026-08-27T14:17:29.059Z
919,scissors,scissors,rock,lose,order-2,true,0.010,2026-08-27T14:17:29.059Z
920,rock,rock,paper,lose,order-2,true,0.010,2026-08-27T14:17:29.059Z
921,paper,paper,scissors,lose,order-2,true,0.010,2026-08-27T14:17:29.059Z
922,scissors,scissors,rock,lose,order-2,true,0.010,2026-08-27T14:17:29.059Z
923,rock,rock,paper,lose,order-2,true,0.010,2026-08-27T14:17:29.059Z
924,paper,paper,scissors,lose,order-2,true,0.010,2026-08-27T14:17:29.059Z
925,scissors,scissors,rock,lose,order-2,true,0.010,2026-08-27T14:17:29.059Z
926,rock,rock,paper,lose,order-2,true,0.010,2026-08-27T14:17:29.059Z
927,paper,paper,rock,win,random,true,0.010,2026-08-27T14:17:29.059Z
928,paper,scissors,rock,win,order-2,false,0.010,2026-08-27T14:17:29.059Z
929,paper,scissors,rock,win,order-1,false,0.010,2026-08-27T14:17:29.059Z
930,paper,paper,scissors,lose,order-2,true,0.010,2026-08-27T14:17:29.059Z
931,scissors,paper,scissors,tie,order-2,false,0.010,2026-08-27T14:17:29.059Z
932,rock,rock,paper,lose,order-2,true,0.010,2026-08-27T14:17:29.059Z
933,paper,paper,scissors,lose,order-2,true,0.010,2026-08-27T14:17:29.059Z
934,scissors,scissors,rock,lose,order-2,true,0.010,2026-08-27T14:17:29.059Z
935,rock,rock,paper,lose,order-2,true,0.010,2026-08-27T14:17:29.059Z
936,paper,paper,scissors,lose,order-2,true,0.010,2026-08-27T14:17:29.059Z
937,scissors,scissors,rock,lose,order-2,true,0.010,2026-08-27T14:17:29.059Z
938,rock,rock,paper,lose,order-2,true,0.010,2026-08-27T14:17:29.059Z
939,paper,paper,scissors,lose,order-2,true,0.010,2026-08-27T14:17:29.059Z
940,scissors,scissors,rock,lose,order-2,true,0.010,2026-08-27T14:17:29.059Z
941,rock,rock,rock,tie,random,true,0.010,2026-08-27T14:17:29.059Z
942,paper,paper,scissors,lose,order-2,true,0.010,2026-08-27T14:17:29.059Z
943,scissors,scissors,rock,lose,order-2,true,0.010,2026-08-27T14:17:29.059Z
944,rock,rock,paper,lose,order-2,true,0.010,2026-08-27T14:17:29.059Z
945,paper,paper,scissors,lose,order-2,true,0.010,2026-08-27T14:17:29.059Z
946,scissors,scissors,rock,lose,order-2,true,0.010,2026-08-27T14:17:29.059Z
947,rock,rock,paper,lose,order-2,true,0.010,2026-08-27T14:17:29.059Z
948,paper,paper,scissors,lose,order-2,true,0.010,2026-08-27T14:17:29.059Z
949,scissors,scissors,rock,lose,order-2,true,0.010,2026-08-27T14:17:29.059Z
950,rock,rock,paper,lose,order-2,true,0.010,2026-08-27T14:17:29.059Z
951,paper,paper,scissors,lose,order-2,true,0.010,2026-08-27T14:17:29.059Z
952,scissors,scissors,rock,lose,order-2,true,0.010,2026-08-27T14:17:29.059Z
953,rock,rock,paper,lose,order-2,true,0.010,2026-08-27T14:17:29.059Z
954,paper,paper,scissors,lose,order-2,true,0.010,2026-08-27T14:17:29.059Z
955,scissors,scissors,rock,lose,random,true,0.010,2026-08-27T14:17:29.059Z
956,rock,rock,paper,lose,order-2,true,0.010,2026-08-27T14:17:29.059Z
957,paper,paper,scissors,lose,order-2,true,0.010,2026-08-27T14:17:29.059Z
958,scissors,scissors,rock,lose,order-2,true,0.010,2026-08-27T14:17:29.059Z
959,rock,rock,paper,lose,order-2,true,0.010,2026-08-27T14:17:29.059Z
960,paper,paper,scissors,lose,order-2,true,0.010,2026-08-27T14:17:29.059Z
961,scissors,scissors,rock,lose,order-2,true,0.010,2026-08-27T14:17:29.059Z
962,rock,rock,paper,lose,order-2,true,0.010,2026-08-27T14:17:29.059Z
963,paper,paper,scissors,lose,order-2,true,0.010,2026-08-27T14:17:29.059Z
964,scissors,scissors,rock,lose,order-2,true,0.010,2026-08-27T14:17:29.059Z
965,rock,rock,paper,lose,order-2,true,0.010,2026-08-27T14:17:29.059Z
966,paper,paper,scissors,lose,order-2,true,0.010,2026-08-27T14:17:29.059Z
967,scissors,scissors,rock,lose,order-2,true,0.010,2026-08-27T14:17:29.059Z
968,rock,rock,paper,lose,order-2,true,0.010,2026-08-27T14:17:29.059Z
969,paper,paper,scissors,lose,order-2,true,0.010,2026-08-27T14:17:29.059Z
970,scissors,scissors,rock,lose,order-2,true,0.010,2026-08-27T14:17:29.059Z
971,rock,rock,paper,lose,order-2,true,0.010,2026-08-27T14:17:29.059Z
972,paper,paper,scissors,lose,order-2,true,0.010,2026-08-27T14:17:29.059Z
973,scissors,scissors,rock,lose,order-2,true,0.010,2026-08-27T14:17:29.059Z
974,rock,rock,paper,lose,order-2,true,0.010,2026-08-27T14:17:29.059Z
975,paper,paper,scissors,lose,order-2,true,0.010,2026-08-27T14:17:29.059Z
976,scissors,scissors,rock,lose,order-2,true,0.010,2026-08-27T14:17:29.059Z
977,rock,rock,paper,lose,order-2,true,0.010,2026-08-27T14:17:29.059Z
978,paper,paper,scissors,lose,order-2,true,0.010,2026-08-27T14:17:29.059Z
979,scissors,scissors,rock,lose,order-2,true,0.010,2026-08-27T14:17:29.059Z
980,rock,rock,paper,lose,order-2,true,0.010,2026-08-27T14:17:29.059Z
981,paper,paper,scissors,lose,order-2,true,0.010,2026-08-27T14:17:29.059Z
982,scissors,scissors,rock,lose,order-2,true,0.010,2026-08-27T14:17:29.059Z
983,rock,rock,paper,lose,order-2,true,0.010,2026-08-27T14:17:29.059Z
984,paper,paper,scissors,lose,order-2,true,0.010,2026-08-27T14:17:29.059Z
985,scissors,scissors,rock,lose,order-2,true,0.010,2026-08-27T14:17:29.059Z
986,rock,rock,paper,lose,order-2,true,0.010,2026-08-27T14:17:29.059Z
987,paper,paper,scissors,lose,order-2,true,0.010,2026-08-27T14:17:29.059Z
988,scissors,scissors,rock,lose,order-2,true,0.010,2026-08-27T14:17:29.059Z
989,rock,rock,scissors,win,random,true,0.010,2026-08-27T14:17:29.059Z
990,rock,paper,rock,tie,random,false,0.010,2026-08-27T14:17:29.059Z
991,paper,paper,scissors,lose,order-1,true,0.010,2026-08-27T14:17:29.059Z
992,scissors,scissors,rock,lose,order-2,true,0.010,2026-08-27T14:17:29.059Z
993,rock,rock,paper,lose,order-2,true,0.010,2026-08-27T14:17:29.059Z
994,paper,paper,scissors,lose,order-1,true,0.010,2026-08-27T14:17:29.059Z
995,scissors,scissors,rock,lose,order-2,true,0.010,2026-08-27T14:17:29.059Z
996,rock,rock,paper,lose,order-2,true,0.010,2026-08-27T14:17:29.059Z
997,paper,paper,scissors,lose,order-1,true,0.010,2026-08-27T14:17:29.059Z
998,scissors,scissors,rock,lose,order-2,true,0.010,2026-08-27T14:17:29.059Z
999,rock,rock,paper,lose,order-2,true,0.010,2026-08-27T14:17:29.059Z
1000,paper,paper,scissors,lose,order-1,true,0.010,2026-08-27T14:17:29.059Z